fips,"9th to 12th grade, no diploma",high school graduate (includes equivalency),"some college, no degree",associate's degree,bachelor's degree,graduate or professional degree,median income (family),median income (nonfamily),total population,occupied housing units,"1-unit, attached",2 units,3 or 4 units,5 to 9 units,10 to 19 units,20 or more units,mobile home,"boat, rv, van, etc.",commute time,count,state,Per Capita CO2
6001,6.3,19.5,18.8,6.8,24.3,16.8,86039.0,41810.0,1515136,539179,8.286858353162865,4.4923856455833775,7.439644348166379,6.261371455490663,5.8303457664337826,17.091541028118673,1.3199698059457063,0.07715434020983755,12.337951840626848,1168,California,9.259397954488206
6005,9.1,27.9,31.1,9.7,14.0,4.8,58260.0,29903.0,37764,14236,3.1890980612531608,2.7535824669851077,2.472604664231526,1.4400112391121105,1.7420623770722117,1.538353470075864,8.457431862882832,0.014048890137679123,8.536966423048407,8,California,9.259397954488206
6007,8.4,22.9,30.6,9.2,15.9,8.1,49086.0,25085.0,220101,85074,3.948327338552319,3.1913393046054037,7.382984225497802,4.51136657498178,2.7858100007052684,4.899264170016692,14.984601640924373,0.6088816794790418,7.564640778551666,28,California,9.259397954488206
6009,5.1,29.5,32.9,9.6,14.8,6.0,72198.0,19809.0,45507,18618,1.9550972177462669,1.1064561177355248,1.396498012675905,1.557632398753894,0.4780320120313675,1.4663229133097004,10.280373831775698,0.09668063164679344,12.837365680005275,8,California,9.259397954488206
6013,5.6,19.2,22.6,8.2,24.6,14.1,92745.0,43471.0,1052047,373145,8.380120328558602,2.139650805986949,5.602915756609361,5.062911200739658,3.6428198153532807,8.895201597234319,1.8729984322448376,0.06271020648809444,13.921982573021927,632,California,9.259397954488206
6015,14.6,29.8,28.6,6.7,9.5,4.4,47650.0,24558.0,28496,9703,2.5043800886323817,3.9163145418942586,3.6277439967020513,3.1227455426156863,1.5871379985571472,3.5040709059053903,22.147789343502012,0.8141811810780171,4.177428411005054,3,California,9.259397954488206
6017,4.4,22.4,29.3,10.1,21.4,10.0,88700.0,35847.0,180441,67846,2.0237007340152697,2.97438316186658,4.3952480617869885,3.2205288447366094,1.7893464611030865,3.087875482710845,5.5345930489638295,0.1930843380597235,11.716489046281055,68,California,9.259397954488206
6019,10.8,22.7,23.0,7.7,13.1,6.3,42278.0,25746.0,930517,287082,2.784221929622895,3.151364418528504,7.7430838575737955,8.123462982701808,3.2812924530273584,5.752711768762933,4.840428867013607,0.1236580489198208,7.8755842182356695,76,California,9.259397954488206
6023,7.1,25.8,29.2,8.9,17.5,8.8,47333.0,24426.0,134317,53307,3.558632074586828,6.254338079426717,6.633275179619937,4.149548839739622,2.4274485527229066,3.2697394338454617,10.585851764308627,0.29827227193426753,7.075574945837087,21,California,9.259397954488206
6025,15.7,21.7,22.7,6.3,9.0,4.2,41968.0,14893.0,173487,47928,3.665915539976632,3.841178434318144,6.7997830078451,5.7085628442664005,3.1109163745618433,5.835837088966782,13.628776498080454,0.5299616090802871,6.540230680108596,4,California,9.259397954488206
6027,6.8,31.1,28.7,7.8,13.0,8.0,57737.0,26400.0,18474,7910,2.149178255372945,2.566371681415929,5.069532237673831,1.7446270543615676,3.552465233881162,2.8192161820480406,30.897597977244,2.2503160556257904,6.688318718198548,2,California,9.259397954488206
6029,13.7,26.1,23.7,7.0,9.9,5.0,44685.0,25425.0,839153,253178,2.7316749480602582,3.5259777705803823,7.310666803592729,4.597950848809928,1.9594909510305003,3.317823823554969,8.56946496141055,0.1769506039229317,8.383018353029781,62,California,9.259397954488206
6031,13.2,26.0,25.1,7.8,9.2,3.2,47105.0,24251.0,151982,40767,4.952535138715136,2.7963794245345497,6.120146196678688,5.018765177717271,1.810287732724998,4.165133563911988,5.170848970981432,0.12510118478180882,7.469108183863878,3,California,9.259397954488206
6033,8.3,29.0,31.7,9.5,12.0,4.7,39014.0,18438.0,64360,26103,2.2334597555836493,2.145347278090641,2.5054591426272843,2.6203884610964256,0.9079416159062176,2.340727119488182,30.103819484350463,0.4137455464889093,9.18077998756992,10,California,9.259397954488206
6035,15.6,25.0,30.7,10.6,9.3,4.2,63649.0,23913.0,34628,10127,2.8142589118198877,2.290905500148119,2.8735064678582014,3.2487409894341863,2.488397353609164,5.154537375333267,16.91517724893848,0.5233534116717685,4.8948827538408235,1,California,9.259397954488206
6037,9.9,20.4,19.6,6.8,19.3,10.2,55258.0,34839.0,9840024,3218511,6.984099168839256,2.595361643940319,6.063300700230634,8.421937970695144,8.315429091278546,19.57398933854817,1.6573502467445351,0.07823493534743241,12.356802178531272,4716,California,9.259397954488206
6039,13.6,23.2,23.3,7.6,9.9,4.0,43919.0,26196.0,150615,42063,1.8448517699641016,2.36549936999263,4.754772603000262,2.7125977700116493,0.6561586192140362,2.065948696003613,7.49114423602691,0.4350616931745239,6.934999834013876,14,California,9.259397954488206
6041,3.6,12.1,19.3,6.2,31.6,23.0,118771.0,51575.0,252759,103152,10.58341088878548,3.1177291763610984,4.568016131534047,6.553435706530171,5.674150767798977,9.062354583527222,1.5006979990693343,0.4061966806266481,12.375246776573732,316,California,9.259397954488206
6043,8.7,29.9,30.5,9.1,14.1,5.9,56563.0,22454.0,18193,7256,1.323042998897464,1.5022050716648292,4.230981256890849,0.9371554575523704,1.0611907386990078,0.6890848952590959,26.764057331863285,0.6753031973539141,11.353542571318641,2,California,9.259397954488206
6045,8.0,26.2,28.1,9.3,13.1,8.4,43409.0,23562.0,87577,34228,3.134860348252892,3.1932920416033657,3.7834521444431464,2.302208718008648,1.6536169218183945,3.625686572396868,14.10833235947178,0.1665303260488489,7.092615641092981,18,California,9.259397954488206
6047,12.5,24.4,22.7,7.0,8.3,4.2,41180.0,22424.0,256398,74496,2.8363939003436425,4.2821091065292105,6.366784793814433,4.769383591065292,1.8188896048109968,2.794780927835052,7.3816043814432994,0.07919888316151202,8.906329222536836,16,California,9.259397954488206
6053,10.1,20.1,19.9,7.3,14.2,8.9,53261.0,37634.0,416199,125123,6.9523588788631985,2.9858619118787115,7.345571957194121,8.19273834546806,5.1133684454496775,6.065231811897093,4.446824324864333,0.07912214381049047,8.953265144798523,76,California,9.259397954488206
6055,7.3,19.3,23.2,8.9,20.6,10.7,73558.0,42962.0,136644,49209,6.309821374138878,4.03787924973074,4.336605092564368,4.143550976447398,3.6558353146782094,5.425836737182222,7.498628299701274,0.14225040134934666,10.391418576739557,81,California,9.259397954488206
6057,3.5,21.8,30.1,10.3,21.6,11.1,66394.0,31601.0,98521,41626,2.092442223610244,3.2263489165425456,2.8876183154759048,2.721856531975208,1.0570316629029934,2.873204247345409,6.87551049824629,0.5525392783356556,9.161650815562163,19,California,9.259397954488206
6059,7.6,17.9,21.3,7.8,23.9,12.7,80750.0,41506.0,3021840,990266,12.875126481167689,1.894339500699812,7.460722674513716,6.969945449000571,6.224590160623508,13.47587415906433,3.062510476982952,0.07593919209586111,11.671053067005534,2167,California,9.259397954488206
6061,4.1,20.1,27.8,11.0,23.7,11.0,93314.0,33397.0,350074,131775,3.3936634414722064,1.1732119142477708,5.3265035097704425,5.38341870612787,2.9542781255928667,4.593435780686777,3.339024852969076,0.11458926199962055,10.849320429394927,118,California,9.259397954488206
6063,7.2,24.2,31.6,11.4,14.2,8.8,38559.0,28496.0,19926,9109,4.336370622461302,3.128773740256889,2.459106378307169,2.1078054671204303,0.6037984411022066,2.118783620595016,13.909320452299927,1.295422110001098,7.399879554351099,1,California,9.259397954488206
6065,10.8,25.2,26.0,7.5,13.3,7.2,59789.0,29127.0,2192982,676618,7.559656999961574,1.6233679860719046,3.762684409814696,4.724526985684684,3.797415971789104,5.2818577099633774,10.79323931671933,0.2375047663526539,11.658125784890164,445,California,9.259397954488206
6067,7.5,21.6,26.8,9.3,18.8,9.1,59173.0,36706.0,1422348,512496,6.918883269332834,2.1725047610127692,6.2964393868439945,6.69858886703506,5.751264400112392,8.162990540413974,2.660898816771253,0.10107395960163593,10.304208252832641,290,California,9.259397954488206
6069,8.1,23.2,26.1,7.9,13.7,4.7,63857.0,33611.0,55467,16840,4.940617577197151,1.8764845605700715,5.653206650831352,1.858669833729216,1.2648456057007125,1.823040380047506,4.8515439429928735,0.0,12.04662231597166,14,California,9.259397954488206
6071,11.8,26.1,25.4,8.1,12.1,6.4,54779.0,27394.0,2041029,599698,4.18393924942221,2.2506328185186546,5.625664918008732,4.90847059686709,3.910134767833143,5.949494578938066,7.143762360388062,0.15807956671524667,11.104663383028855,344,California,9.259397954488206
6073,7.1,19.0,23.0,9.0,21.4,13.0,68231.0,36878.0,3100500,1067462,9.731493954819936,2.4657552212631457,5.481975002388843,8.092185014548527,7.649077906286125,15.146300289846385,4.039956457466402,0.08684149880745169,10.492062570553138,1967,California,9.259397954488206
6075,5.7,13.7,14.8,5.4,31.7,20.3,91294.0,53413.0,807755,340839,16.0298557383398,11.469931551260274,12.686928432485722,10.9456370896523,11.21027816652437,28.00237062073296,0.13349411305631104,0.05926551832390072,15.157504441321935,507,California,9.259397954488206
6077,11.0,25.6,24.7,8.6,12.3,5.6,53709.0,27358.0,687036,213632,5.928418963451168,2.015147543439185,4.155744457759137,4.3308118633912525,3.21440608148592,5.9981650689035355,3.884717645296585,0.1563436189334931,10.5436396346043,75,California,9.259397954488206
6079,6.2,21.2,27.1,9.7,19.6,12.0,69225.0,32465.0,270121,101708,5.957250167145162,3.796161560545877,5.819601211310811,4.934715066661423,2.6595744680851063,4.126519054548314,10.26762889841507,0.2104062610610768,8.67722242994806,82,California,9.259397954488206
6081,5.3,17.0,19.7,7.6,26.8,17.1,111250.0,52060.0,721183,257369,8.941247780424217,2.504963690265728,5.123383158033796,6.688451212072938,6.078820681589469,14.287268474447195,1.198668060255897,0.1865026479490537,11.866537342117047,816,California,9.259397954488206
6083,7.8,17.8,22.1,8.2,18.5,13.0,63063.0,35901.0,423594,141247,7.274490785645004,3.6545908939658895,7.137142735774919,8.269202177745367,6.401551891367603,6.7923566518226925,5.456399073962633,0.08566553625917718,8.297449916665487,170,California,9.259397954488206
6085,6.2,15.7,17.5,7.3,25.8,20.2,109617.0,46692.0,1788393,604455,10.583252682168236,1.9314920051947624,5.833684889694022,5.9187201694088065,5.976623569992802,14.618623388010688,3.048531321603759,0.0992629724297094,10.956436868182776,2511,California,9.259397954488206
6087,5.9,15.9,23.1,8.3,23.0,14.5,71495.0,37679.0,262340,93310,9.47272532418819,3.3308327081770437,6.497695852534561,3.990997749437359,3.059693494802272,6.358375308112742,6.703461579680635,0.24863358696817064,11.413013646413052,154,California,9.259397954488206
6089,9.1,26.0,31.8,11.0,13.0,6.2,48547.0,22411.0,177693,68880,4.326364692218351,2.5595238095238093,6.488095238095238,3.55110336817654,1.5911730545876888,3.6774099883855977,12.629210220673635,0.31068524970963995,6.98097280140467,19,California,9.259397954488206
6093,7.9,26.8,29.8,9.0,15.4,7.6,40079.0,21920.0,44673,19585,2.2006637732958896,2.2976767934643862,5.024253255042124,3.380137860607608,1.8994128159305592,2.9410262956344133,16.62496808782231,0.541230533571611,6.093725516531237,3,California,9.259397954488206
6095,7.2,24.0,28.6,9.9,17.1,7.2,70478.0,36204.0,414209,140295,4.541858227306746,1.8860258740511069,6.191239887380164,5.638832460173206,4.166933960583057,5.684450621903847,3.0393100253038243,0.13614170141487578,12.32292152029531,107,California,9.259397954488206
6097,6.4,20.2,25.6,8.8,20.6,11.4,70037.0,36032.0,483456,184502,7.871459387974113,2.8444136106925666,4.544666182480406,3.92678670149917,3.6427789400656905,6.4058926190502,5.822159109386347,0.20108183109126188,11.037829709425472,238,California,9.259397954488206
6099,10.8,27.6,24.8,7.2,10.9,5.4,50284.0,25062.0,515115,165999,4.909668130530908,3.4403821709769336,3.834962861222056,3.3638756859981087,2.2795318044084603,5.247621973626346,4.742799655419613,0.15602503629539938,9.734981508983429,40,California,9.259397954488206
6101,10.6,23.4,25.7,10.3,13.4,5.0,51430.0,24918.0,94615,31635,5.629840366682473,1.8555397502765925,4.905958590169116,2.870238659712344,4.223170538960011,6.812075233127866,5.190453611506244,0.2528844634107792,10.541827405802463,4,California,9.259397954488206
6103,12.2,28.2,31.5,7.5,9.3,3.8,43011.0,20602.0,63200,23552,1.7578125,2.110224184782609,3.1207540760869565,3.3924932065217392,1.2143342391304348,2.590013586956521,24.189028532608692,1.1973505434782608,7.763528481012656,4,California,9.259397954488206
6105,6.9,27.1,35.2,9.3,14.4,5.3,40625.0,28617.0,13693,5811,1.9273791085871623,3.0975735673722253,1.7552916881775942,2.632937532266391,0.0,0.6883496816382723,25.572190672861808,2.426432627774909,5.718615350909223,4,California,9.259397954488206
6107,11.3,23.8,23.2,7.8,8.9,4.4,38937.0,22904.0,441877,129996,2.7462383457952546,2.998553801655436,5.527093141327425,3.0593249023046862,1.5015846641435122,2.6139265823563798,7.556386350349242,0.15308163328102406,7.598041989060304,31,California,9.259397954488206
6109,9.3,29.3,32.1,9.6,11.3,6.1,57325.0,27776.0,55205,22105,1.5064465053155394,2.492648722008596,3.1847998190454647,2.8997964261479305,1.6738294503505995,2.1805021488351053,14.308979868807961,0.6061976928296765,8.621411104066661,7,California,9.259397954488206
6111,7.5,18.9,24.2,8.4,19.8,11.4,83033.0,37853.0,822794,265951,11.617553609499495,1.523212922681246,4.503837173013074,4.8238209294193295,3.811980402404954,7.1686137671977175,4.168061033799459,0.13235520829024894,10.89032005580984,491,California,9.259397954488206
6113,7.5,18.8,19.9,7.5,20.2,17.7,71395.0,29656.0,200873,70090,6.363247253531175,3.3185903837922672,6.286203452703665,7.176487373377088,6.032244257383366,9.472107290626337,4.485661292623768,0.2068768725923812,9.041508814026773,87,California,9.259397954488206
6115,12.1,24.3,30.3,10.1,9.7,3.9,48521.0,23807.0,72244,24133,1.7735051589110349,5.593999917125927,4.4751999337007415,5.448970289644885,2.042845895661542,3.8867940164919412,11.784693158745284,0.3522148095968176,9.787733237362273,6,California,9.259397954488206
8001,10.7,29.8,22.7,8.0,14.5,6.1,59192.0,32428.0,442996,151034,8.28820000794523,1.119615450825642,2.8304884992783084,5.196180992359337,8.372287034707417,8.543771601096443,6.969291682667478,0.05892712899082325,12.97850319190241,117,Colorado,17.44510603528114
8003,7.7,28.9,27.1,7.0,11.2,11.8,43770.0,14587.0,15750,5853,4.3225696224158545,6.611993849308047,5.569793268409363,2.084401161797369,4.1346318127456,2.631129335383564,14.197847257816505,0.0,5.723174603174603,1,Colorado,17.44510603528114
8005,4.9,21.2,23.1,8.3,25.3,13.2,68554.0,35585.0,574357,223747,9.255990024447255,1.0252651432197974,3.4020567873535734,7.09372639633157,10.978024286359146,13.98007571051232,1.0873888811917032,0.0916213401743934,12.76827826595654,180,Colorado,17.44510603528114
8007,5.7,25.1,24.8,6.6,23.2,12.9,52824.0,33635.0,12109,4536,8.267195767195767,5.79805996472663,8.487654320987655,7.473544973544973,2.4029982363315696,0.0,19.44444444444445,0.5291005291005291,8.421009166735486,1,Colorado,17.44510603528114
8013,3.0,12.7,17.7,5.6,32.4,25.6,94670.0,35428.0,297218,120061,7.799368654267412,2.053122995810462,4.322802575357527,6.575823956155621,6.9947776546921965,10.835325376267063,2.952665728254804,0.037480947185180864,10.350803114212463,193,Colorado,17.44510603528114
8014,2.5,17.3,22.7,8.2,30.7,16.3,106137.0,36638.0,55913,21375,6.928654970760234,0.2152046783625731,1.4222222222222225,4.495906432748538,6.605847953216375,12.014035087719298,3.429239766081872,0.13567251461988306,12.709656072827427,53,Colorado,17.44510603528114
8015,5.2,28.2,23.1,6.6,22.1,11.3,49923.0,27301.0,17879,7680,4.830729166666667,2.3307291666666665,3.3072916666666665,2.1484375,1.2890625,0.26041666666666663,16.653645833333332,0.0,5.673975054533251,1,Colorado,17.44510603528114
8019,4.0,24.8,27.0,6.3,23.9,13.4,95223.0,37367.0,9059,4013,5.3077498131074,2.317468228258161,4.8342885621729375,3.0650386244704713,2.8407675056067783,3.2893097433341634,11.761774233740347,0.0,14.965779887404793,10,Colorado,17.44510603528114
8021,9.4,34.3,22.0,5.5,14.2,6.2,43787.0,14784.0,8241,3137,2.4864520242269683,1.4982467325470197,1.0200828817341407,2.1357985336308576,1.2432260121134842,0.5737966209754543,23.30251832961428,0.4144086707044948,8.495328236864458,2,Colorado,17.44510603528114
8027,5.7,29.6,26.0,5.6,19.0,13.5,58077.0,30938.0,4208,2053,1.071602532878714,2.143205065757428,0.974184120798831,3.1173891865562586,1.8022406234778368,0.3896736483195324,19.386264003896734,0.43838285435947405,9.828897338403042,2,Colorado,17.44510603528114
8029,7.5,36.0,24.3,8.3,12.7,5.9,55500.0,20713.0,30710,12661,2.424768975594345,1.5954505963194061,1.4058921096279915,1.1057578390332516,1.200537082378959,0.8135218387173209,20.472316562672773,0.3712187031040202,9.184467600130251,2,Colorado,17.44510603528114
8031,7.7,19.0,18.7,5.2,25.8,16.4,51755.0,36122.0,604356,261836,8.685207534487237,2.8212316106264983,4.050245191646678,6.184787424189187,9.221039123726301,27.611940298507466,0.4300401778212316,0.04010143754105623,12.05214310770473,3,Oregon,9.4107686162394
8035,1.8,13.7,20.9,8.1,37.1,17.7,115940.0,52487.0,286883,102189,5.3792482556830965,0.24855904255839675,1.7183845619391518,4.739257650040612,4.267582616524283,5.767744082044056,0.3297810918983452,0.0293573672313067,12.595326317697456,134,Colorado,17.44510603528114
8037,4.9,17.8,16.2,5.8,36.2,11.3,72951.0,43636.0,51850,18407,35.44847069049817,3.221600478078992,7.85027435214864,14.896506763731189,16.683870266746347,22.328461998152875,9.040039115553864,0.0,11.19566055930569,20,Colorado,17.44510603528114
8039,2.2,29.0,27.5,10.6,21.5,8.6,84383.0,44886.0,23058,8195,1.0128126906650396,0.3172666259914582,0.4026845637583893,0.4636973764490543,0.20744356314826112,0.07321537522879805,5.417937766931055,0.0,17.808569693815592,31,Colorado,17.44510603528114
8041,4.4,21.9,26.0,10.3,21.7,13.6,64324.0,30952.0,622816,234058,8.889676917687071,1.4103341906706883,4.375838467388425,3.806748754582197,5.457621615155218,8.816618103205187,3.946884960138085,0.04101547479684523,9.782343420849818,84,Colorado,17.44510603528114
8043,9.6,36.5,23.9,7.2,10.5,5.4,47903.0,22579.0,47006,17200,3.3255813953488373,2.1279069767441863,3.226744186046512,4.197674418604652,0.8895348837209303,2.081395348837209,16.168604651162788,0.14534883720930233,6.52874101178573,2,Colorado,17.44510603528114
8045,8.3,25.7,26.4,8.0,17.3,7.8,61984.0,43595.0,56330,20272,10.314719810576163,3.438239936858721,5.421270718232044,6.0033543804262015,4.33602999210734,2.7081689029202844,13.264601420678769,0.3847671665351223,13.233090715426949,4,Colorado,17.44510603528114
8047,5.0,23.0,30.6,10.5,16.5,13.6,65625.0,34068.0,5358,2458,1.5052888527257935,5.248169243287227,0.4475183075671277,0.5695687550854354,2.644426362896664,6.061838893409274,3.620829943043125,0.0,16.460432997387084,20,Colorado,17.44510603528114
8049,4.7,27.8,25.2,8.8,24.5,7.8,65406.0,54606.0,14608,5341,15.12825313611683,11.233851338700616,10.990451226362104,29.376521250702115,26.02508893465643,18.55457779442052,19.69668601385508,0.16850777008050927,9.986308871851039,5,Colorado,17.44510603528114
8051,3.5,16.3,20.1,5.9,37.6,14.3,67069.0,26929.0,15385,6447,9.60136497595781,10.361408407011014,9.244609896075694,8.205366837288661,10.780207848611758,10.919807662478672,15.557623700946175,0.06204436171862882,7.167370815729607,5,Colorado,17.44510603528114
8053,4.5,22.4,26.2,2.7,23.9,19.8,57500.0,24423.0,790,372,15.591397849462366,1.6129032258064515,8.333333333333332,4.838709677419356,0.0,0.0,48.387096774193544,0.0,4.120253164556962,1,Colorado,17.44510603528114
8055,8.0,27.5,25.7,5.1,16.9,8.4,28750.0,21333.0,6730,3134,2.32929164007658,2.6483726866624124,3.2227185705169115,5.296745373324825,0.4148053605615826,1.244416081684748,13.529036375239313,0.0,6.906389301634473,2,Colorado,17.44510603528114
8059,4.6,21.5,23.3,8.3,26.3,14.1,82340.0,37105.0,536095,219005,8.681536951211159,1.3552202004520444,3.330517568092053,5.701696308303464,7.204401725987991,8.45231844021826,1.1839912330768705,0.04611766854638022,12.685699362986036,202,Colorado,17.44510603528114
8063,7.1,31.2,26.6,9.7,9.5,5.4,48264.0,19347.0,8210,3051,1.6060308095706328,1.4749262536873156,3.179285480170436,2.785971812520485,1.966568338249754,2.5237627007538515,15.437561455260573,0.2949852507374631,5.302679658952497,1,Colorado,17.44510603528114
8065,6.1,19.5,26.3,14.7,16.5,7.5,42350.0,19934.0,7372,2879,2.9176797499131637,3.1608197290725952,5.765890934352206,3.230288294546717,10.489753386592566,2.153525529697812,22.229940951719346,0.0,15.535811177428107,1,Colorado,17.44510603528114
8067,4.1,19.9,25.5,7.2,26.1,15.5,62035.0,33888.0,51443,21060,7.388414055080722,3.755935422602089,4.2070275403608735,5.868945868945869,3.5470085470085464,5.0237416904083565,15.745489078822413,0.308641975308642,9.865287794257721,8,Colorado,17.44510603528114
8069,3.6,19.0,22.7,8.8,26.7,16.9,74586.0,27910.0,300870,120592,7.48722966697625,2.8467891734111714,4.064117022688071,5.75660076953695,5.58080137985936,5.4522688072177266,4.788874883906064,0.01741409048693114,10.658191245388373,88,Colorado,17.44510603528114
8071,10.5,28.2,25.6,12.1,11.5,5.5,44500.0,17593.0,15385,6161,2.3535140399285828,1.8341178380133092,3.522155494237948,4.479792241519234,1.3471838987177405,2.8566791105340044,14.640480441486773,0.4220094140561597,8.36366590835229,1,Colorado,17.44510603528114
8073,9.4,38.0,19.7,6.9,12.0,3.8,53382.0,19783.0,5443,1874,0.16008537886872998,0.5869797225186766,5.496264674493064,5.229455709711846,1.4941302027748131,1.8676627534685168,20.117395944503734,0.0,5.096454161308103,1,Colorado,17.44510603528114
8077,6.8,30.6,24.9,9.2,16.5,8.6,58936.0,24509.0,146562,58635,4.591114522043148,2.443932804638868,5.2767118615161595,2.7696768141894768,1.7156988147011172,4.09652937665217,9.472158267246526,0.21147778630510786,9.373132189789986,27,Colorado,17.44510603528114
8081,8.6,36.5,28.9,8.3,8.7,5.6,62336.0,24458.0,13547,5243,1.9835971771886325,2.174327674995232,2.5557886706084303,2.784665267976349,2.4413503719244707,4.348655349990462,23.631508678237648,0.5149723440778181,9.46076622130361,1,Colorado,17.44510603528114
8083,7.5,28.3,26.9,7.3,16.6,10.7,41121.0,27146.0,25424,10883,1.7274648534411468,1.9939354957272808,3.9327391344298452,2.4625562804373797,0.992373426444914,0.8086005696958559,22.337590737848018,0.3675457134981163,8.702800503461296,4,Colorado,17.44510603528114
8085,7.8,32.0,22.8,7.0,14.0,9.0,47349.0,26759.0,40994,16732,3.3827396605307194,1.284962945254602,2.026057853215396,2.551996174994024,1.4044943820224718,2.5998087497011717,16.668658857279464,0.06574229022232847,9.056203346831245,6,Colorado,17.44510603528114
8087,8.9,31.0,23.7,9.3,9.4,5.2,44009.0,19382.0,28200,10489,3.441700829440366,2.9173419773095626,3.069882734293069,3.2414910858995136,1.6016779483268184,3.3272952617027363,15.587758604252073,0.2478787300981981,7.010106382978723,2,Colorado,17.44510603528114
8091,1.3,21.7,23.9,5.5,30.5,16.0,64688.0,44583.0,4445,1886,4.135737009544008,4.665959703075292,4.825026511134676,6.733828207847298,0.4241781548250266,0.0,10.233297985153763,0.2120890774125133,9.718785151856018,6,Colorado,17.44510603528114
8093,3.7,24.0,28.0,9.5,23.3,10.5,84734.0,44293.0,16168,6997,1.586394168929541,1.514934972130913,0.17150207231670714,0.5573817350292983,0.0,0.0,11.23338573674432,0.0,20.407904502721426,5,Colorado,17.44510603528114
8095,10.1,32.1,24.1,10.0,13.5,5.9,60804.0,20357.0,4380,1643,0.9129640900791236,0.7303712720632989,3.2258064516129035,0.6695069993913573,1.8259281801582472,1.0955569080949483,12.172854534388314,0.0,6.408675799086758,1,Colorado,17.44510603528114
8097,2.4,10.3,21.9,8.8,38.3,17.1,108700.0,56349.0,17000,7347,27.3172723560637,6.506056893970329,9.282700421940927,17.816795971144682,15.080985436232474,18.15707091329795,6.533278889342589,0.0,8.949117647058824,56,Colorado,17.44510603528114
8101,9.2,28.6,26.5,10.2,13.6,7.4,47460.0,21940.0,159072,62090,4.543404735062007,2.8120470285070054,4.483813818650346,2.7105814140763407,1.9906587212111448,5.4485424383958785,5.809309067482686,0.01932678370107908,8.018161587205794,18,Colorado,17.44510603528114
8103,4.2,35.5,26.0,8.9,15.0,7.3,71979.0,24615.0,6728,2540,3.346456692913386,3.2677165354330717,3.2677165354330717,4.094488188976378,6.102362204724409,5.118110236220472,10.748031496062989,0.31496062992125984,9.233799048751486,1,Colorado,17.44510603528114
8105,7.3,30.4,26.7,8.4,12.1,6.8,44885.0,20153.0,11925,4344,2.923572744014733,4.788213627992634,1.4272559852670348,3.3839779005524857,2.2790055248618786,2.5782688766114177,19.544198895027627,0.13812154696132595,6.991194968553458,2,Colorado,17.44510603528114
8107,2.6,17.8,25.2,8.0,30.6,15.2,74877.0,38981.0,23385,9833,17.278551815315772,6.844299806773111,6.630733245194754,13.932675683921488,10.027458557917218,15.061527509407101,8.085019831180718,0.4881521407505339,9.175326063716057,3,Colorado,17.44510603528114
8109,11.3,28.0,22.0,5.3,12.6,9.1,29440.0,20326.0,6189,2726,5.099046221570066,1.9809244314013204,1.504035216434336,3.008070432868672,1.4306676449009537,0.8070432868672046,24.21129860601614,0.22010271460014674,8.225884634028112,3,Colorado,17.44510603528114
8111,7.1,20.0,35.0,6.2,22.2,7.9,75556.0,32917.0,747,378,1.851851851851852,2.380952380952381,15.608465608465607,7.936507936507937,16.666666666666664,12.433862433862435,6.084656084656085,0.0,8.005354752342704,7,Colorado,17.44510603528114
8113,2.7,17.2,22.1,3.4,37.9,15.7,78949.0,43750.0,7432,3360,3.303571428571429,8.511904761904763,9.404761904761905,14.345238095238097,20.863095238095237,29.255952380952387,3.8392857142857135,0.0,9.773950484391818,13,Colorado,17.44510603528114
8117,1.8,16.3,22.0,8.0,33.3,15.9,70938.0,38099.0,27753,11358,23.375594294770213,8.372952984680401,17.80243000528262,18.964606444796622,29.4770206022187,74.22081352350766,5.661207959147737,0.0,9.485100709833171,10,Colorado,17.44510603528114
8119,4.4,26.2,27.5,9.8,17.4,13.2,61438.0,26838.0,23163,9034,2.468452512729688,1.3283152534868277,2.468452512729688,0.6752269205224707,1.3504538410449414,0.23245516936019486,14.987823776843035,0.0,13.721884039200447,10,Colorado,17.44510603528114
8121,6.8,35.3,25.6,9.8,13.2,4.8,55042.0,22132.0,4796,2073,2.122527737578389,1.6401350699469366,1.929570670525808,1.6883743367100816,0.6753497346840328,0.6753497346840328,11.722141823444286,0.0,9.141993327773145,1,Colorado,17.44510603528114
8123,8.0,26.3,24.2,8.8,17.8,8.0,63422.0,26760.0,253552,89553,3.9216999988833434,1.9988163433944144,2.8597590253816176,4.133864862148672,4.324813239087469,4.078032003394639,7.988565430527173,0.10161580293234176,11.684900927620369,59,Colorado,17.44510603528114
9001,5.7,23.1,15.3,6.0,25.3,19.3,108758.0,38395.0,918892,332968,6.919583863914852,9.54596237476274,9.01528074769948,5.217017851565315,3.8928665817736237,10.522332476394126,0.37150717186035903,0.020122053770932943,12.611422234604285,10,Connecticut,9.44053354799673
9003,7.2,27.7,18.0,7.6,19.7,14.7,79715.0,31791.0,893504,349158,6.131894443203364,8.186551647105322,10.498685408897977,6.892008775396812,4.434668545472251,10.914256582979622,0.5813986791080256,0.026635505988692798,10.206249776162164,7,Connecticut,9.44053354799673
9005,5.9,30.4,19.7,8.6,19.6,13.1,90401.0,32479.0,189277,76149,4.110362578628742,8.137992619732367,5.969874850621808,4.1261211572049525,2.740679457379611,3.452441923071872,0.7157021103363143,0.08929861193187041,13.023690147244515,4,Connecticut,9.44053354799673
9009,7.3,30.2,18.0,7.2,17.7,15.0,76450.0,30267.0,860995,329956,6.044442289274933,10.587775339742267,12.344676259864952,6.150213967922996,4.599401132272182,10.597776673253405,0.6591787995975219,0.015759677047848804,11.16879308242208,5,Connecticut,9.44053354799673
9013,5.3,27.3,18.4,10.2,20.0,16.8,98648.0,37291.0,152137,54499,3.3028128956494616,4.728527128938144,6.877190407163434,6.411126809666232,4.16337914457146,3.6771316904897335,1.1963522266463604,0.0,12.567488513642312,1,Connecticut,9.44053354799673
12057,8.4,28.0,20.4,9.1,19.0,10.0,54531.0,29291.0,1238365,466765,7.476995918717128,2.4618383983374934,4.637879875311988,6.259466755219434,9.6134028901053,10.700888027165703,9.004102706929611,0.1261876961640226,11.190904943211413,1,Washington,9.852405009463427
12069,8.8,34.6,23.9,8.4,13.3,6.9,53538.0,24444.0,297995,117255,2.383693659119014,2.268559976120421,2.6463690247750633,2.6233422881753445,2.6216366039827728,4.003240799965886,26.380964564410892,0.15095305104259946,10.195003271866977,2,New York,8.146209675952292
12083,10.5,36.3,22.8,8.6,10.9,6.2,42318.0,22499.0,331987,134733,3.494318392672916,1.6098505933958274,2.8292994292415368,3.656862090208041,1.8206378541263093,1.9067340592134072,26.386260233201966,0.1855521661359875,8.324286794362429,2,New York,8.146209675952292
12097,8.5,35.6,21.4,10.1,12.7,4.8,42582.0,25882.0,272355,92219,7.201335950292241,2.3292380095208145,5.42838243745866,10.662661707457248,13.100337240698769,5.279823029961288,13.612162352660516,0.4489313482037324,12.745699546547707,1,New York,8.146209675952292
12099,6.8,26.0,20.8,7.9,20.4,12.2,57461.0,31064.0,1324085,523891,13.062640892857482,3.5408128790149096,8.415300129225352,7.874347908248089,8.320051308382853,23.3775728157193,3.4990102903084805,0.048865126524410614,9.979634993221737,1,New York,8.146209675952292
12103,7.9,30.4,22.2,8.9,18.0,9.1,56746.0,28385.0,917389,401441,6.12169658804158,3.3942721346349782,5.716157542453312,7.411300788907959,9.086017621518481,20.428406664989375,11.59597549826749,0.15917656641947386,9.820714004637075,1,Washington,9.852405009463427
12105,11.1,36.2,19.9,7.8,12.6,5.6,45290.0,23780.0,604562,222081,3.45954854309914,3.8134734623853457,3.843192348737623,3.59913725172347,2.6580391839013693,4.0156519468121985,28.98221819966589,0.4201169843435503,9.713354461577142,1,New York,8.146209675952292
12119,9.8,34.2,23.0,6.6,13.4,9.2,45194.0,24160.0,94240,41814,0.6337590280767207,0.4520017219113216,0.6457167455876023,0.4878748744439662,0.5141818529679055,0.9135696178313484,22.7292294446836,0.6863729851245994,4.846827249575552,2,New York,8.146209675952292
13121,6.2,18.7,18.0,5.0,30.3,18.2,74882.0,36966.0,929535,366140,7.7464904135030315,2.5547604741355765,4.188834871906921,9.423717703610642,13.219533511771452,23.189490358879123,0.6563063309116731,0.04834216419948654,11.766345538360579,4,New York,8.146209675952292
4013,7.3,23.2,25.4,8.1,19.0,10.4,58769.0,32962.0,3841819,1402149,6.51214671194003,1.428236228817337,4.580468980115524,6.514571561224947,7.764581367600732,9.040765282434323,6.08901051172165,0.18628548035907735,10.664243942778148,6,Oregon,9.4107686162394
4019,7.6,22.9,26.5,8.3,17.4,12.0,51364.0,26846.0,981048,382814,9.006985115486895,2.2478279268783274,3.5231208889957006,4.574022893624581,6.100351606785541,9.651945853599921,12.042401793037875,0.2243909574884931,9.72621625037715,3,Oregon,9.4107686162394
24033,7.1,27.3,22.8,6.0,17.3,12.3,74492.0,49242.0,865443,302683,17.311510722438992,0.5897258848366113,1.9066151716482256,7.675687104991031,16.3811644525791,8.193390444788772,0.4787186594556021,0.046583389222387785,18.09544938257055,1,Washington,9.852405009463427
25017,4.3,21.9,13.7,6.1,25.7,24.5,109161.0,42658.0,1507558,579209,6.486605007864173,14.08576178892248,9.454272982636663,5.4802325240111935,4.952443763822731,13.163814788789535,0.4262710006232638,0.01104955206151838,13.997507890243693,2,New York,8.146209675952292
25021,3.8,22.1,15.1,8.0,27.0,21.3,118465.0,40547.0,672078,257138,4.870925339700862,8.026429388110664,6.307119134472541,5.887500097224058,4.948704586642191,13.676702782163662,0.4468417736779472,0.013611368214732944,14.917427739042196,34,New York,8.146209675952292
26049,8.2,33.9,26.9,9.1,12.1,6.8,49304.0,24592.0,425337,166386,5.053910785763224,1.9827389323620976,2.569326746240669,4.3242820910413124,4.964359982210042,5.457189907804743,6.832906614739222,0.011419229983291864,9.224156374827489,1,Washington,9.852405009463427
26093,4.7,27.1,25.8,9.3,21.4,10.4,87186.0,32443.0,181678,67399,5.592071098977729,1.1009065416400838,1.215151560112168,2.3754061632961907,3.0044956156619533,1.544533301681034,5.827979643614889,0.0,14.354462290425918,1,Washington,9.852405009463427
26125,5.1,20.8,21.5,7.6,24.8,17.9,87302.0,33510.0,1207097,482978,6.9881029777753865,1.309583459288001,3.4200315542322843,7.515663239319389,4.980351071891474,7.0696801924725365,3.239070930767033,0.0120088285594789,11.76144916274334,1,Washington,9.852405009463427
26145,9.7,35.0,24.1,8.9,12.6,6.1,53284.0,23421.0,200017,77426,3.8940407615013037,3.466535789011443,3.0700281559166167,4.77359026683543,3.53369669103402,3.4277891147676494,4.241469273887325,0.0335804510112882,8.181004614607758,6,Oregon,9.4107686162394
26161,4.4,16.1,20.2,6.8,24.9,26.0,85703.0,33368.0,346010,134883,6.559017815440048,3.2413276691651283,5.14445853072663,11.305353528613686,8.564459568663214,8.403579398441613,4.245902003958987,0.0,10.468541371636658,2,New York,8.146209675952292
26163,11.2,31.0,24.8,7.2,12.8,8.0,45027.0,22837.0,1822469,674263,7.547055080880901,6.096730800889268,3.2362742727985965,4.950590496586644,4.1068544470036175,9.56155090817678,2.0990325733430426,0.018390450017278126,8.963751921157506,1,New York,8.146209675952292
27047,7.4,38.1,23.7,11.6,10.2,4.0,53237.0,18533.0,31188,13297,3.10596375122208,2.135820109799203,1.4364142287734076,2.1884635632097464,2.985635857712266,6.302173422576522,3.0081973377453566,0.0,8.411889188149289,1,Minnesota,16.06369715335126
27053,4.4,18.6,20.2,8.0,29.9,15.5,81678.0,37873.0,1158039,478563,9.363448490585355,4.1731182728292815,2.7239882732263045,2.845811314288819,5.523410710815504,23.534205527798854,0.3483344930552508,0.031134876703798664,11.329661608978627,6,Oregon,9.4107686162394
27103,4.2,27.0,22.9,10.4,22.9,10.2,65960.0,29350.0,32689,12163,7.8681246403025575,3.173559154813779,3.979281427279454,2.680259804324591,4.472580777768644,5.344076296966209,6.256680095371207,0.024664967524459427,8.07718192664199,1,New York,8.146209675952292
15009,5.4,31.3,24.6,8.8,16.7,8.4,64628.0,39222.0,154937,52267,7.505691927985152,6.8743184035816105,6.2276388543440415,9.451470335010619,7.721889528765759,20.762622687355307,0.05931084623184801,0.04400482139782272,9.48069215229416,3,Oregon,9.4107686162394
17031,8.0,24.2,19.5,6.2,20.7,13.6,60188.0,33325.0,5197677,1933670,6.133156122813097,11.294791769019533,13.041160073849206,10.719098915533674,5.691250316755187,19.988364095217896,0.7966198989486313,0.04101009996535086,13.92017241548484,19,New York,8.146209675952292
17113,4.0,26.2,19.9,6.3,29.0,12.7,82535.0,25953.0,169689,63709,5.391702899119434,2.599318777566749,6.328776154075563,6.777692319766438,9.634431555981102,6.253433580812758,4.928660000941783,0.0,8.745410721967836,3,Oregon,9.4107686162394
18057,2.5,16.4,18.4,6.7,35.9,19.2,104339.0,41522.0,276098,101203,4.5967016788039885,0.8675632145292135,2.499925891524955,5.1204015691234455,4.93167198600832,3.046352380858275,2.099740126280841,0.006916791004219242,12.548062644423355,6,New York,8.146209675952292
18063,4.5,31.5,21.3,8.9,23.1,8.9,85628.0,33623.0,145880,52122,4.19016921837228,1.2854456851233644,1.47730325006715,3.5033191358735274,3.908138597904915,2.045201642300756,2.2850235984804885,0.0,12.244173293117633,3,Oregon,9.4107686162394
18097,10.4,29.3,20.8,6.8,18.2,9.3,43396.0,27393.0,904535,359438,9.030208269576391,2.6215925973325027,6.911901357118612,10.262966074816797,8.40645674636516,8.141042405087942,1.8044836661677397,0.01502345327984242,10.165416484713141,6,New York,8.146209675952292
27123,4.9,23.1,20.2,7.4,23.9,15.2,61586.0,33260.0,510885,204787,8.265661394522112,4.699517059188327,3.2961076630840824,3.2165127669236813,7.230439432190519,21.828534037805134,1.669051258136503,0.032228608261266584,10.4576665981581,3,Minnesota,16.06369715335126
27143,5.6,41.1,23.0,9.5,11.4,2.9,60347.0,19141.0,15189,6111,2.2091310751104567,1.7673048600883652,1.3091147111765669,2.961872034036982,2.160039273441335,2.961872034036982,3.272786777941417,0.0,11.542234511817762,1,New York,8.146209675952292
27145,4.5,31.2,24.1,11.3,16.4,7.8,70878.0,25589.0,150307,56467,3.4126126764304816,1.797510050117768,1.832928967361468,2.286291108080826,5.459826093116334,12.285051445977295,3.490534294366621,0.007083783448739974,10.184921527274179,4,Minnesota,16.06369715335126
30001,4.8,29.2,26.7,9.1,19.1,9.2,57875.0,19250.0,9228,4110,2.019464720194647,3.5279805352798053,2.6034063260340634,2.5060827250608266,1.338199513381995,1.094890510948905,21.751824817518244,0.0,6.395752058951019,1,Montana,30.00817653094358
30013,7.1,30.0,27.9,9.4,16.3,6.8,52025.0,22453.0,81248,33352,5.160110338210602,4.719357159990405,5.4179659390741195,3.921803789877668,4.500479731350444,7.025065963060688,9.705564883665147,0.038978172223554805,7.490830543521072,1,Montana,30.00817653094358
39035,9.5,29.0,22.3,6.8,17.4,11.6,54778.0,24507.0,1278024,534899,6.333719075937702,11.036289093828929,4.3000641242552335,4.820349262197163,5.720893103183966,14.50273790005216,0.6591898657503567,0.027855726034260668,10.271681126489018,3,Oregon,9.4107686162394
40017,6.0,28.8,28.8,8.0,18.6,7.0,69807.0,30365.0,116299,41657,2.4605708524377654,0.8738027222315579,1.3467124372854502,2.261324627313537,4.0089300717766525,3.3031663345896245,6.2270446743644525,0.08161893559305758,10.803575267199204,6,Oregon,9.4107686162394
40109,8.1,25.5,25.2,6.0,19.1,10.2,48901.0,26520.0,721088,283168,3.4128150073454626,2.5027545485365583,3.9227596338569333,7.662588993106565,6.130636230082495,6.882486721663464,3.0812097412136965,0.03884619731043056,9.162675013313217,6,Oregon,9.4107686162394
40143,7.4,26.5,24.4,8.1,20.0,9.5,54001.0,26080.0,602692,240809,3.0904160558783103,1.8379711721737972,4.243196890481668,6.62184552902923,7.620147087525798,7.862247673467354,2.9106055006249765,0.05772209510441885,8.915382981688822,15,New York,8.146209675952292
41003,4.2,15.8,22.3,7.3,26.6,22.0,72589.0,25362.0,85501,33502,4.029610172527013,4.214673750820847,5.57578652020775,6.790639364814041,5.889200644737628,10.811294848068774,7.238373828428153,0.12536564981195153,7.709792867919672,21,Oregon,9.4107686162394
41005,5.4,23.7,28.7,8.2,21.0,10.8,74461.0,33500.0,377206,145004,4.408843893961546,1.294447049736559,3.1757744613941687,5.1253758517006425,4.966759537667927,7.616341618162258,6.725331714987173,0.1772364900278613,11.346054940801578,192,Oregon,9.4107686162394
41009,8.4,34.0,28.4,9.1,11.2,6.2,65047.0,23784.0,49317,19060,1.7366211962224554,3.2161594963273874,4.066107030430221,1.8100734522560336,1.5057712486883523,1.6474291710388247,13.63588667366212,0.6768100734522561,12.280146805361236,12,Oregon,9.4107686162394
41011,9.5,31.6,30.0,8.4,12.1,5.7,47137.0,20731.0,62937,26567,2.0664734444988144,3.907102796702677,2.4993412880641395,3.1317047464900063,1.4566943953024432,3.5608085218504155,16.817856739564117,0.4855647984341477,6.886966331410776,15,Oregon,9.4107686162394
41013,10.3,35.2,28.6,7.2,9.5,5.0,42390.0,25201.0,21102,8745,2.9959977129788453,1.8067467124070895,0.6861063464837049,1.1435105774728416,0.7890222984562607,3.156089193825043,19.085191538021725,1.2464265294453971,7.099564022367548,18,Oregon,9.4107686162394
41015,7.3,29.9,34.1,6.4,13.1,7.4,42019.0,19344.0,22344,10320,3.6434108527131785,2.6744186046511627,4.215116279069767,2.005813953488372,2.5,2.548449612403101,28.78875968992248,1.7344961240310075,4.574382384532759,6,Oregon,9.4107686162394
41017,5.0,23.3,29.0,10.1,20.3,10.2,58633.0,27212.0,158884,64459,5.051272902154858,3.136877705207962,4.801501729781722,4.092523929939961,1.6491102871592795,4.2492126778262165,11.337439302502364,0.044989838501993513,7.525081191309383,27,Oregon,9.4107686162394
41019,9.5,32.7,30.3,8.6,9.6,5.6,41903.0,19897.0,107391,43678,3.4113283575255275,2.9213791840285728,2.7977471495947617,2.5894042767525987,1.4217683959888272,3.1205641283941565,20.193232290855807,1.195109666193507,6.8596064847147336,9,Oregon,9.4107686162394
41027,5.9,27.4,21.5,7.0,16.8,9.7,60328.0,30590.0,22207,8027,2.2424317926996387,3.2141522362028154,3.388563597857232,3.5380590507038736,3.6626385947427433,3.6252647315310815,9.530335118973463,0.0,7.381231143333182,6,Oregon,9.4107686162394
41029,7.3,27.9,29.5,7.6,14.8,9.6,45435.0,25050.0,203613,83370,5.040182319779297,2.5404821878373522,6.080124745112151,3.4424853064651555,1.9371476550317857,4.8674583183399305,13.756747031306224,0.2842749190356243,7.2989936791855135,57,Oregon,9.4107686162394
41031,10.7,34.2,27.1,6.9,11.1,4.4,38913.0,27742.0,21746,8005,2.4109931292941917,3.3354153653966274,3.660212367270456,1.88632104934416,1.386633354153654,2.3360399750156158,29.19425359150531,0.6495940037476577,7.541156994389772,6,Oregon,9.4107686162394
41033,9.2,31.5,29.8,10.5,10.0,6.4,38886.0,19765.0,82636,34373,3.540569633142292,3.4562010880633056,2.3594100020364817,2.123759927850348,0.5382131324004306,4.6228144182934265,18.185785354784283,1.1549762895295723,6.408103005953822,12,Oregon,9.4107686162394
41035,9.2,31.5,27.0,9.2,12.7,6.7,46895.0,21494.0,66350,27747,4.414891700003603,3.5571413125743323,3.2868418207373766,2.1515839550221645,1.174901791184633,4.3644357948607055,18.920964428586874,0.219843586694057,6.78553127354936,3,Oregon,9.4107686162394
41039,6.6,25.1,29.6,8.4,16.8,10.7,50509.0,23723.0,351794,145474,5.819596628950879,3.591707109174148,4.580199898263606,4.670937762074322,3.962907461127074,7.481061907969808,9.640210621829329,0.4213811402724885,8.030509332165984,57,Oregon,9.4107686162394
41041,7.2,27.9,29.9,7.5,15.6,8.4,50638.0,21894.0,45992,21039,2.0580826084889967,3.0134512096582537,4.848139170112648,6.245543989733353,2.766291173534864,5.83202623698845,21.341318503731166,1.193022482057132,7.6876413289267695,15,Oregon,9.4107686162394
41043,8.0,32.6,30.2,9.7,11.1,5.1,51564.0,24116.0,116871,44566,3.4757438405959697,5.230444733653457,5.499708297805502,3.1099941659561097,1.918502894583315,3.0337028227796976,13.844634923484271,0.3388233182246556,8.687997878002243,24,Oregon,9.4107686162394
41047,8.8,26.6,27.1,8.6,13.5,7.2,46654.0,27737.0,315391,113227,5.020887244208537,2.872989657943777,5.147182209190388,6.317397793812429,3.859503475319491,6.978900792213872,9.019933408109372,0.14307541487454406,8.738343833527273,84,Oregon,9.4107686162394
41049,11.8,33.4,26.0,7.7,7.9,3.2,47431.0,22875.0,11146,3791,1.5299393299920865,2.5586916380902136,1.2397784225797943,2.2157742020575046,5.750461619625429,1.0287523080981271,32.840939066209444,0.7385914006858348,8.052664633052219,6,Oregon,9.4107686162394
41051,6.2,19.6,23.9,6.8,23.9,15.3,59434.0,34516.0,737110,303654,4.3151086433901735,4.479769737925403,6.266342613632621,5.801010360476067,5.945582801477998,17.159003339326993,2.1922978126420203,0.17750465990897535,11.429806948759346,351,Oregon,9.4107686162394
41053,6.1,25.9,26.7,8.7,18.5,10.1,57998.0,23194.0,75448,27973,3.356808350909806,3.0100454009223183,5.3158402745504585,4.665212883852286,3.4318807421442097,5.040574840024308,7.857576949201015,0.2359418010224145,9.400315449051002,30,Oregon,9.4107686162394
41057,6.8,34.6,28.1,5.5,13.9,6.3,41835.0,21084.0,25254,10843,2.591533708383289,4.592824863967537,2.637646407820714,1.7983952780595776,1.964400996034308,4.1409204094807714,20.557041409204093,0.4150142949368256,7.70095826403738,6,Oregon,9.4107686162394
41059,10.0,30.1,27.7,9.6,9.1,5.8,51259.0,21702.0,75846,26786,1.93757933248712,3.251698648547748,4.980213544388858,3.3226312252669303,3.1994325393862466,4.095422982154857,15.216904353020235,0.5562607332188456,6.7359517970624685,9,Oregon,9.4107686162394
41061,7.1,33.2,26.1,8.5,14.0,7.4,45322.0,18847.0,25670,10299,1.7477424992717743,5.184969414506263,4.379065928730945,2.2526458879502864,3.2527429847558014,5.3597436644334415,16.603553743081857,0.11651616661811826,6.2162056875730425,3,Oregon,9.4107686162394
41065,9.0,26.6,27.6,8.5,12.8,7.7,41736.0,24639.0,25113,9748,2.451784981534674,3.7546163315551913,4.78046778826426,2.6159212146081248,2.790315962248666,3.836684448091917,20.49651210504719,0.35904800984817403,6.0606060606060606,3,Oregon,9.4107686162394
41067,4.9,18.9,24.0,8.4,25.6,13.9,75834.0,35174.0,531818,200160,8.101019184652277,2.1537769784172665,5.03447242206235,7.405575539568347,7.105315747402079,10.51808553157474,2.8677058353317344,0.03747002398081535,11.065900364410382,257,Oregon,9.4107686162394
41071,7.3,30.5,26.5,7.7,15.0,7.6,58708.0,23489.0,99119,33920,5.383254716981132,3.3107311320754715,3.1426886792452837,2.897995283018868,3.0041273584905657,5.9021226415094326,10.837264150943396,0.3066037735849057,9.697283063792009,74,Oregon,9.4107686162394
30071,4.3,44.2,22.4,9.8,10.8,5.7,60144.0,20625.0,4203,1795,1.9498607242339836,0.3899721448467967,4.846796657381615,1.3927576601671308,0.0,0.5571030640668524,18.774373259052926,0.0,5.8363073994765635,1,Montana,30.00817653094358
30081,5.9,34.0,27.4,6.1,17.3,7.4,57319.0,22676.0,40311,16657,2.7495947649636787,3.193852434411959,2.3293510235936843,1.1526685477576994,0.9425466770727022,1.927117728282404,16.9958575974065,0.13207660443056973,9.59006226588276,1,Montana,30.00817653094358
30089,8.6,39.9,24.2,5.9,12.9,4.0,28750.0,19367.0,11421,5203,0.6150297905054776,2.1333845858158758,2.6715356525081684,1.4414760714972132,0.13453776667307324,0.17297712857966555,20.911012877186238,0.34595425715933115,7.7458191051571665,2,New York,8.146209675952292
30111,5.4,31.2,24.9,7.4,20.9,7.9,61218.0,26091.0,148191,60706,5.322373406253089,4.167627582117088,4.969854709583896,4.109972655091754,2.068988238394887,4.755707837775508,11.951042730537345,0.08071689783546931,9.2640241310201,3,Oregon,9.4107686162394
32003,9.5,29.1,25.3,7.1,14.9,7.2,55766.0,32976.0,1954773,706037,5.8284480841655615,1.2412947196818296,8.00354655634195,11.86793326695343,8.308346446432694,10.001883753967569,3.9179249812686874,0.10466873549119947,10.699830619719016,3,Oregon,9.4107686162394
34005,5.8,30.1,19.6,7.6,22.1,12.1,100254.0,38140.0,449117,165620,15.891800507185122,2.0166646540272914,3.5182948919212658,4.989735539186089,5.325443786982249,4.169182465885762,1.6725033208549691,0.006037918125830213,13.363277275186643,24,New York,8.146209675952292
34013,9.2,28.8,17.1,5.3,19.3,12.5,62089.0,27180.0,783840,277453,6.178343719476813,16.974766897456504,18.583688048065802,7.099580829906326,5.772869639182131,19.54493193441772,0.1333559197413616,0.03496087625651912,13.50891125739947,27,New York,8.146209675952292
34023,5.8,27.4,15.4,6.2,24.0,15.7,96899.0,35622.0,811064,280141,12.547252990458373,7.443394576302648,6.434973816756562,5.952359704577337,8.471448306388568,7.8000007139262015,0.7981694932194858,0.019632970539835298,14.899964737677916,1,Vermont,8.675414087405317
34025,4.7,26.5,17.7,7.5,25.2,15.1,109978.0,35989.0,629263,233661,8.61975254749402,3.799521529052773,4.157304813383492,4.530495033403092,5.402698781568168,9.34730228835792,1.3866242119994352,0.006847526972836715,15.424512485240669,1,New York,8.146209675952292
34029,7.0,37.6,20.3,6.8,16.9,8.1,78685.0,27851.0,575961,222970,11.469255953715749,4.331075929497242,3.0591559402610216,2.762255011885007,2.6721083553841325,3.5359016908104235,2.6743508095259454,0.01031528905233888,12.181267481652405,1,New York,8.146209675952292
34037,4.7,31.8,21.7,8.2,21.2,10.5,100372.0,38528.0,148962,55179,5.782997154714656,3.171496402616938,2.696678084053716,4.626760180503452,2.524511136483082,2.2671668569564507,1.0601859403033762,0.032621105855488504,17.678669727850057,1,New York,8.146209675952292
34039,6.6,30.5,17.3,5.6,19.3,12.3,80800.0,31587.0,536383,184743,5.071910708389494,17.441526877879,8.764066838797682,4.197182031254228,3.518401238477236,12.689520035941825,0.3442620288725419,0.04817503234222677,13.193837239435256,27,New York,8.146209675952292
36001,5.8,25.8,17.2,10.3,19.8,18.5,76037.0,32668.0,304511,122674,5.262728858600845,17.606012684024325,9.997228426561456,6.968061691964067,5.06056703131878,7.982946671666367,1.4298058268255702,0.0057061806087679535,9.52312067544358,255,New York,8.146209675952292
36003,8.7,40.4,17.0,12.3,9.2,9.0,48875.0,18832.0,48837,18843,0.7323674574112402,5.625431194608077,4.914291779440641,3.9112667834208987,0.6899113729236321,1.6929363689433743,23.791328344743405,0.0636841267314122,8.639863218461413,24,New York,8.146209675952292
36005,15.3,27.3,17.2,6.7,11.7,6.3,31648.0,19106.0,1386364,473281,4.899414935313271,9.866442979963278,10.003782108303524,4.155670732609169,5.876001783295759,66.76097286812697,0.1398746199403737,0.10796968397210116,15.486098888892094,123,New York,8.146209675952292
36007,7.3,32.8,18.6,12.0,14.0,11.9,52873.0,23897.0,199928,80223,2.5067623998105284,13.169539907507822,7.565162110616656,6.247584857210526,3.424205028483104,5.034715729902897,5.680415840843649,0.0,7.927979072466087,166,New York,8.146209675952292
36009,8.4,41.6,17.8,10.9,9.0,7.9,46573.0,20877.0,80166,32419,2.609580801381905,8.905271599987662,5.487522749005213,2.794657453962183,1.4281748357444708,2.2856966593664207,16.046145778710017,0.0431845522687313,9.151510615472896,20,New York,8.146209675952292
36011,11.0,35.6,18.9,12.5,11.0,7.6,61387.0,22843.0,79996,31427,0.9959588888535336,9.469564387310275,5.733923059789352,2.551945779107137,1.912368345690012,4.699780443567633,12.97928532790276,0.0,9.249649982499122,160,New York,8.146209675952292
36013,9.1,35.2,18.9,12.4,11.4,9.1,47632.0,20735.0,134599,54950,1.89080982711556,14.016378525932664,6.092811646951773,3.415832575068244,2.121929026387625,3.737943585077344,8.05277525022748,0.018198362147406732,7.3566668400210995,42,New York,8.146209675952292
36015,9.2,36.1,20.0,11.6,11.6,9.1,56270.0,23959.0,88779,35452,2.1973372447252624,10.625634660950018,7.0235811801872945,4.137989394110346,1.7939749520478394,3.91797359810448,5.751438564820037,0.11000789800293356,8.015578008312776,39,New York,8.146209675952292
36017,10.8,39.4,18.5,10.7,9.7,7.1,52673.0,21330.0,50490,19779,1.0010617321401487,7.7405328884170075,6.041761464179182,2.1993022903079016,1.1577936194954244,1.9818999949441327,24.63724151878255,0.14662015268719347,9.084472172707468,12,New York,8.146209675952292
36019,9.9,36.5,16.9,8.7,12.3,9.8,60860.0,24096.0,82054,31820,3.698931489629164,7.118164676304213,6.822752985543683,5.037712130735387,2.5675675675675675,3.893777498428661,16.901319924575738,0.056568196103079824,8.374241353255174,43,New York,8.146209675952292
36021,9.3,30.9,17.6,11.2,14.7,13.2,70402.0,29360.0,62881,25476,2.7280577798712518,7.599309153713299,6.712199717381065,3.7368503689747214,0.8557073323912703,2.3747841105354057,9.220442769665567,0.12168315277123568,11.093971151858273,29,New York,8.146209675952292
36023,7.5,35.1,19.1,12.0,13.9,9.8,52309.0,25401.0,49453,17809,1.2746364197877478,11.707563591442531,9.169521028693355,5.980122410017407,2.8861811443652083,3.7846032904711095,11.44926722443708,0.05615138413161884,9.142620265706832,70,New York,8.146209675952292
36025,9.6,38.9,18.4,10.5,10.8,8.0,49632.0,21250.0,47851,19920,1.7118473895582331,6.485943775100401,6.782128514056224,3.217871485943776,0.8985943775100402,1.5311244979919678,20.06024096385542,0.0251004016064257,8.781007711437589,42,New York,8.146209675952292
36027,6.8,28.3,18.7,9.9,18.2,14.3,89707.0,33118.0,297291,107734,5.02719661388234,7.709729519000501,7.4786047116045085,7.395065624593908,3.8957060909276553,5.123730669983479,4.148179776115247,0.015779605324224483,13.52948794279006,93,New York,8.146209675952292
36029,7.3,29.0,18.8,11.4,16.8,13.4,62959.0,25355.0,919542,379980,3.673877572503816,21.68850992157482,6.755092373282804,5.090267908837308,2.6180325280277907,5.6510868993104895,1.553502815937681,0.023422285383441238,9.502937331845636,416,New York,8.146209675952292
36031,8.6,34.4,18.5,10.6,13.6,10.9,54864.0,26682.0,39309,16198,2.815162365724164,6.340288924558588,7.624398073836277,4.870971724904308,1.3643659711075442,2.5311766884800595,10.8346709470305,0.012347203358439314,8.608715561321835,71,New York,8.146209675952292
36033,10.2,38.7,16.9,11.0,9.3,8.6,51410.0,22443.0,51698,19170,2.310902451747522,6.551904016692749,5.3886280646844025,3.9801773604590514,1.533646322378717,3.1194574856546686,14.783515910276474,0.0,7.10162868969786,11,New York,8.146209675952292
36035,11.0,39.5,19.7,11.0,8.3,6.2,46941.0,23517.0,55358,22511,0.7596286260050642,17.755763848785037,6.698947181377993,2.1145217893474304,2.07898360801386,2.3855004220159035,12.935898005419572,0.3109590866687397,9.181780411142023,17,New York,8.146209675952292
36037,6.4,37.8,18.9,13.3,12.8,7.8,62858.0,25282.0,59992,23962,2.1909690343043158,10.733661630915616,4.8952508137885,3.192554878557716,1.4147400050079293,3.200901427259828,7.294883565645606,0.033386194808446706,10.339628617148954,31,New York,8.146209675952292
36039,9.4,39.1,17.6,9.5,10.8,8.3,59628.0,26635.0,49122,18411,1.547987616099071,7.077290750095052,8.288523165498885,5.230568681766335,3.1883113356145785,1.547987616099071,14.681440443213296,0.2607137037640541,9.901978746793695,26,New York,8.146209675952292
36041,6.5,34.7,18.0,11.4,13.4,11.7,73000.0,32708.0,4835,2134,3.3270852858481725,4.7328959700093725,3.0459231490159326,0.23430178069353325,1.5932521087160263,1.0777881911902532,43.158388003748826,0.0,9.959669079627712,2,New York,8.146209675952292
36043,8.2,36.2,18.7,13.3,12.0,8.2,51849.0,19930.0,64475,26775,1.8823529411764703,11.529411764705882,5.415499533146592,2.6367880485527544,0.9859943977591036,4.9710550887021485,12.082166199813258,0.02614379084967321,9.700659170221016,22,New York,8.146209675952292
36045,9.2,35.2,21.0,11.9,11.8,8.3,47675.0,23191.0,117011,45162,3.2992338691820557,10.672689429166113,10.694831938355255,7.796377485496657,1.5942606616181747,5.351844471015455,16.356671538018688,0.07307028032416632,8.026638521164676,32,New York,8.146209675952292
36047,11.0,27.6,14.5,6.2,18.3,11.5,44138.0,27624.0,2512740,911995,9.232506757164238,19.258987165499807,19.601313603692997,12.338444837965119,6.2766791484602455,36.424541801216016,0.12829017702947934,0.034430013322441465,16.945768364414942,162,New York,8.146209675952292
36049,9.3,47.0,16.4,10.4,7.6,5.5,54530.0,21111.0,27062,10657,1.5388946232523224,5.977291920803228,2.7681336210941163,2.2895749272778456,0.8632823496293516,2.2895749272778456,16.158393544149384,0.12198554940414748,9.63417337964674,16,New York,8.146209675952292
36051,8.1,34.0,17.4,12.9,13.9,10.8,65525.0,25334.0,65215,24127,2.3956563186471587,6.295851121150577,5.529075309818874,4.3312471504952965,2.167695942305301,2.093090728229784,11.062295353753056,0.0,11.21689795292494,69,New York,8.146209675952292
36053,6.9,35.0,17.4,13.3,14.1,10.3,63790.0,24092.0,72977,26613,1.7885995566076731,7.285912899710668,4.4790140157066105,4.046894374929546,1.6683575696088375,2.724232517942359,11.77619960169842,0.0,9.868794277649123,47,New York,8.146209675952292
36055,7.4,25.0,17.5,11.1,20.1,15.4,65526.0,28781.0,744746,294726,5.698513195306827,8.063421618723831,7.014990194282148,7.9039514667861,3.1917781261239253,7.011257914130413,0.7179549819154062,0.021715084519180528,8.771540901193159,370,New York,8.146209675952292
36057,11.4,37.0,18.4,12.0,9.6,6.5,47388.0,21183.0,50025,19898,2.181123731028244,22.886722283646602,8.905417629912556,2.6937380641270483,1.4674841692632423,3.3370187958588797,9.377826917278119,0.0,9.723538230884557,20,New York,8.146209675952292
36059,5.0,24.9,16.0,7.8,22.9,18.5,117222.0,37429.0,1338712,442869,2.87827777514344,7.92604585103044,2.3620980470522883,1.6817614238070402,1.9427866931304745,8.421451941770593,0.16822130246190184,0.025515445876771684,15.508365503558645,729,New York,8.146209675952292
36061,6.5,12.7,11.0,3.7,30.2,27.9,75681.0,54245.0,1596735,738131,0.792948677131837,1.1767558875050634,2.5186586120891823,6.3965610440423175,13.125176967232106,89.6758163523819,0.07342870032555197,0.1651468370790551,14.714451677955328,763,New York,8.146209675952292
36063,7.9,36.2,19.7,12.0,12.6,8.8,59925.0,22294.0,215869,88542,2.071333378509634,10.948476429265206,6.997808949425131,4.217207652865307,2.34239118158614,5.300309457658512,4.917440310812949,0.02371755776919428,9.306060620098302,103,New York,8.146209675952292
36065,8.3,32.5,19.9,11.6,13.6,8.8,57161.0,25077.0,234336,91500,1.7595628415300546,15.718032786885248,7.610928961748633,4.20655737704918,2.166120218579235,5.2054644808743165,6.504918032786884,0.02185792349726776,8.207829782875871,59,New York,8.146209675952292
36067,7.4,26.8,18.3,11.5,18.6,14.3,66422.0,27587.0,466179,185036,4.1640545623554335,9.89699301757496,5.779956332821722,6.713828660368793,5.033615080308698,8.030869668605026,1.195983484294948,0.017293931991612443,8.679402118070527,383,New York,8.146209675952292
36069,5.8,28.0,19.3,13.1,17.9,13.4,70198.0,28227.0,107728,43822,4.1873944594039525,4.342567660079412,5.084204280954772,6.263976997854959,2.297932545296882,4.445255807585232,9.326365752361829,0.0,10.51286573592752,118,New York,8.146209675952292
36071,8.4,29.0,20.5,8.8,16.7,12.0,84710.0,31664.0,372951,125180,7.161687170474516,7.872663364754755,7.424508707461254,7.063428662725675,4.241092826330084,4.593385524844225,2.759226713532513,0.011183895190925068,14.70429091221099,129,New York,8.146209675952292
36073,9.4,41.0,19.7,10.0,10.1,5.7,52672.0,23278.0,42995,15871,2.2619872723835934,8.178438661710038,4.958729758679352,2.8416608909331487,0.7119904227836935,2.5581248818599964,11.246928359901707,0.0,10.17629956971741,39,New York,8.146209675952292
36075,9.8,41.8,18.9,10.0,9.6,6.5,53571.0,24245.0,122055,45753,1.5474395121631368,7.557974340480405,4.480580508381964,3.4751819552816205,1.5102834786789938,2.539724171092606,18.320110156711035,0.0961685572530763,10.042071197411005,57,New York,8.146209675952292
36077,7.7,33.7,18.0,10.5,15.0,11.5,56832.0,23924.0,62147,24541,1.295790717574671,7.68917322032517,7.110549692351576,3.712155168901023,0.5786235279735952,2.4734118414082555,18.658571370359805,0.02444888146367304,9.295138944760005,27,New York,8.146209675952292
36079,4.5,26.6,19.0,8.2,21.4,17.4,112152.0,39294.0,99702,35088,5.323757409940721,4.292065663474692,3.796169630642955,4.500113999088008,1.4164386684906518,2.4053807569539445,0.8378932968536251,0.0,18.08765120057772,74,New York,8.146209675952292
36081,9.4,27.3,15.4,7.3,19.4,10.5,58068.0,31721.0,2235008,776311,9.265874114884369,23.120244335066747,11.956548342094855,6.348100181499425,3.701738092079077,32.13724911794371,0.14787887843918224,0.07213603826301572,19.13258923457992,305,New York,8.146209675952292
36083,6.9,30.6,18.4,12.9,15.5,12.4,68380.0,31568.0,159464,63952,3.799724793595197,15.10820615461596,10.396860145108832,5.87002752064048,3.5448461346009505,5.65580435326495,3.411933950462847,0.0,10.66027441930467,47,New York,8.146209675952292
36085,7.3,32.7,18.6,7.3,17.5,11.5,82301.0,28662.0,468374,163675,27.73789521918436,25.38322895982893,4.5095463571101275,1.7565297082633269,1.5310829387505729,10.721246372384297,0.3018176263937681,0.049488315258897214,17.611801679854132,47,New York,8.146209675952292
36087,6.6,23.5,16.2,7.4,23.1,17.8,97161.0,39449.0,312011,98401,7.896261216857551,6.923710124897106,8.199103667645655,7.7865062346927365,3.6432556579709554,7.411510045629617,1.1839310576112032,0.0,12.959222591511194,85,New York,8.146209675952292
36089,8.3,37.2,17.9,11.8,10.0,10.1,50093.0,22927.0,112060,42076,1.4450042779731915,6.23395760053237,5.59226162182717,3.2702728396235385,1.9559844091643688,3.9286053807396137,14.996672687517824,0.01901321418385778,7.751918615027662,40,New York,8.146209675952292
36091,4.8,26.9,17.8,11.9,21.2,15.5,89398.0,33065.0,219832,87952,5.528015281062396,7.6951064216845575,6.446698199017646,4.8424140440240135,3.435965071857377,4.363743860287428,9.870156448972168,0.003410951428051665,12.142431493140215,115,New York,8.146209675952292
36093,6.2,31.3,18.7,11.8,15.7,13.0,70481.0,31033.0,154466,58263,2.4097626280830027,21.06139402365137,8.111494430427545,4.8281070319070425,3.96306403721058,6.817362648679265,0.7071383210613941,0.0,10.471948519415275,78,New York,8.146209675952292
36095,8.8,38.3,17.5,12.1,10.9,8.9,62346.0,24096.0,32617,12627,0.5939653124257543,6.66033103666746,6.2405955492199245,2.383780787202028,2.573849687178269,2.090757899738655,18.135740872733034,0.0554367624930704,11.761351442499311,14,New York,8.146209675952292
36097,8.7,37.9,21.1,12.6,8.6,7.8,57572.0,24363.0,18472,7570,0.26420079260237783,4.478203434610304,3.725231175693527,1.5323645970937911,0.23778071334214,1.7305151915455748,31.162483487450462,0.03963011889035667,11.032914681680381,22,New York,8.146209675952292
36099,11.3,35.0,18.6,11.4,11.4,7.2,55693.0,22108.0,35306,13400,2.1641791044776117,5.276119402985074,4.141791044776118,3.701492537313432,1.216417910447761,1.2462686567164178,17.552238805970152,0.022388059701492536,9.358749221095565,25,New York,8.146209675952292
36101,8.4,36.0,18.1,13.2,10.7,9.4,53528.0,24312.0,98992,41268,1.3763690995444413,9.09663661917224,4.344770766695745,2.968401667151304,1.8367742560821945,2.8714742657749346,16.18929921488805,0.1332751768925075,8.947389688055601,29,New York,8.146209675952292
36103,5.7,30.0,18.1,9.0,18.1,14.6,102708.0,37911.0,1492360,496349,5.231601151609049,4.242176371867377,2.652569059270795,2.9201227362198776,3.0099788656771747,3.438910927593286,1.113329532244449,0.0042308939878996435,14.063734621673055,904,New York,8.146209675952292
36105,9.9,33.4,20.3,10.3,11.6,8.9,57801.0,24860.0,77340,29664,6.941073354908307,8.61987594390507,8.24905609492988,7.281553398058253,2.3766181229773458,3.253101402373247,16.774541531823086,0.0,11.043250581846392,58,New York,8.146209675952292
36107,6.7,38.0,17.7,12.3,13.2,10.4,65687.0,22378.0,51067,20320,0.34448818897637795,6.545275590551182,4.8326771653543314,1.6092519685039368,1.6289370078740155,1.1515748031496065,16.40255905511811,0.0,10.89519650655022,29,New York,8.146209675952292
36109,5.3,20.1,14.8,8.3,20.8,29.0,68603.0,28563.0,101570,38545,3.3908418731352965,8.504345570112855,9.134777532753924,9.555065507847967,4.425995589570632,8.34608898689843,10.234790504605009,0.03632118303281878,8.440336713596535,144,New York,8.146209675952292
36111,8.0,29.1,19.7,9.9,15.6,13.9,71235.0,30121.0,182516,70274,3.3155932492813847,8.303213137148873,6.500270370264963,6.052024930984433,2.4504084014002334,2.885846828129892,7.134928992230412,0.11241711016876796,11.799321703302724,88,New York,8.146209675952292
36113,6.9,33.4,18.4,11.4,15.6,11.7,64717.0,26784.0,65700,28515,3.776959495002631,8.788357005085043,7.585481325618097,6.165176223040504,1.7604769419603716,4.765912677538138,7.676661406277398,0.0,9.88675799086758,36,New York,8.146209675952292
36115,8.8,43.7,16.6,9.4,10.1,7.0,54487.0,26070.0,63108,24590,1.2769418462789752,7.970719804798697,5.57543716958113,3.8511590077267184,0.9678731191541275,1.5982106547376984,7.698251321675477,0.0,11.091224567408252,48,New York,8.146209675952292
36117,8.2,35.9,19.2,12.7,12.5,7.8,57854.0,26635.0,93476,36646,1.3016427440921243,5.929705834197455,4.85455438519893,4.336080336189489,0.8950499372373519,2.5214211646564433,9.9465153086285,0.10915243137040878,10.972014206855237,91,New York,8.146209675952292
36119,5.7,22.0,14.5,6.1,22.7,22.1,108829.0,39818.0,950227,344875,5.7301920985864445,9.310039869517944,8.900906125407756,5.554186299383835,4.3221457049655685,24.4218919898514,0.10090612540775644,0.015947807176513232,14.21107272262312,523,New York,8.146209675952292
36121,9.6,40.4,19.9,12.3,9.1,5.4,55796.0,23150.0,42092,15633,0.9467152817757308,7.36902705814623,6.415915051493635,2.7058146229130684,0.9083349325145528,1.2217744514808415,8.514040811104714,0.0,10.83982704551934,31,New York,8.146209675952292
36123,7.6,37.2,15.3,9.5,11.9,11.2,48723.0,20303.0,25351,9531,0.7869058860560277,3.8296086454726677,4.217815549260308,1.8151295771692368,1.7941454202077431,1.6997167138810199,18.64442346028748,0.0,9.396276281014558,43,New York,8.146209675952292
48439,8.6,23.8,24.4,6.7,20.0,9.1,61039.0,31857.0,1814667,651877,3.604207542220388,2.0035988384311763,4.17931603661427,7.1166799871754955,8.360319508128066,8.631536317434117,2.2689863271752193,0.09603038610044533,11.79976822193824,6,New York,8.146209675952292
48453,6.2,16.9,20.0,5.8,28.0,16.2,63717.0,36384.0,1034842,405406,4.116120629689743,4.192833850510352,4.024607430575768,6.0309911545463075,12.064202305836618,17.049821660261564,3.4812015609043776,0.10828650784645516,11.572544407745335,6,Oregon,9.4107686162394
49043,3.4,18.0,20.0,6.7,30.6,17.7,91497.0,43456.0,36598,13304,12.680396873120866,4.840649428743236,7.929945880938064,13.462116656644616,10.62086590499098,23.353878532772104,3.9762477450390863,0.13529765484064946,11.179026176293789,3,Oregon,9.4107686162394
49051,6.3,21.2,29.7,8.3,20.6,10.6,68098.0,33359.0,23661,7372,10.255018990775909,3.2962561041779708,2.4281063483450898,4.801953336950624,2.631578947368421,1.1937059142702116,2.048290830168204,0.0,10.468281137737202,3,Oregon,9.4107686162394
50001,6.5,33.0,16.2,7.4,19.9,14.3,63750.0,29535.0,36814,14141,3.5428894703344884,5.091577681917828,4.5329184640407325,3.9884025175022986,0.9546708153595926,1.6052612969379816,10.812530938406056,0.0,11.317976856630631,18,Vermont,8.675414087405317
50003,6.6,30.4,19.2,7.9,20.3,12.4,55373.0,25246.0,36990,15610,4.625240230621396,8.744394618834079,9.916720051249198,4.612427930813581,0.7943625880845611,2.3446508648302373,8.468930172966047,0.11531069827033953,8.409299810759665,14,Vermont,8.675414087405317
50005,6.4,35.2,18.4,8.8,15.9,11.0,48289.0,20705.0,31170,12525,1.6207584830339323,6.323353293413174,8.582834331337327,6.067864271457085,1.2614770459081837,3.4810379241516967,12.151696606786427,0.0,9.843599615014435,2,Vermont,8.675414087405317
50007,4.0,22.3,15.8,9.5,29.1,17.3,82709.0,34377.0,156696,62267,7.726404034239645,8.775113623588739,9.194276261904381,7.721586072879695,3.075465334768015,7.744069892559461,3.870428959159748,0.05620954919941542,10.028303211313627,30,Vermont,8.675414087405317
50011,7.0,38.6,17.6,9.5,14.4,7.9,67993.0,25921.0,47853,18629,2.9845939127167322,6.93542326480219,5.781308712222878,2.6786193569166348,0.8588759461055344,2.62493961028504,9.914649202855763,0.02683987331579795,12.882577894802836,6,Vermont,8.675414087405317
50013,4.7,34.1,19.2,10.2,17.7,11.9,64148.0,28819.0,7032,3130,1.757188498402556,3.4185303514377003,2.7156549520766773,1.2779552715654952,1.1182108626198082,0.6389776357827476,18.466453674121407,0.0,15.494880546075086,2,Vermont,8.675414087405317
50015,5.2,32.2,15.8,8.8,24.6,10.7,63288.0,26297.0,24471,9975,3.2180451127819545,9.614035087719298,8.200501253132831,6.315789473684211,1.2832080200501257,1.323308270676692,13.343358395989974,0.0,12.28658411997875,2,Vermont,8.675414087405317
50017,6.1,35.9,16.7,10.3,15.3,12.9,56003.0,30173.0,28980,11824,1.5730717185385656,3.645128552097429,3.0277401894451965,2.4695534506089314,0.7273342354533153,1.107916102841678,13.954668470906633,0.025372124492557508,12.734817115251898,16,Vermont,8.675414087405317
50019,8.0,40.8,17.5,7.3,12.8,7.3,48594.0,18726.0,27198,10991,1.2646710945318898,7.4697479756164125,6.678191247384222,4.612865071422072,1.3192612137203166,0.6459830770630516,14.439086525338915,0.054590119188426885,9.382123685565118,4,Vermont,8.675414087405317
50021,7.7,35.5,18.7,7.9,17.1,9.8,55926.0,24274.0,61599,26047,1.904250009598034,11.225860943678736,9.989634122931623,6.334702652896688,2.5070065650554767,4.8566053672207925,8.450109417591277,0.05758820593542442,9.45851393691456,6,Vermont,8.675414087405317
50023,4.6,28.6,17.4,8.9,22.4,15.7,68052.0,31190.0,59462,24706,4.4564073504411885,9.277098680482473,8.325912733748888,8.516149923095602,2.5945114547073587,4.3187889581478185,6.1847324536549815,0.0607139966000162,10.630234435437758,8,Vermont,8.675414087405317
50025,6.3,32.4,18.1,6.8,18.4,15.5,58149.0,26283.0,44310,19254,10.678300612859664,6.829749662407812,9.759011114573594,6.980367715799313,3.9732003739482704,6.3155707904850935,9.411031473979431,0.03116235587410408,9.647709320695103,18,Vermont,8.675414087405317
50027,5.0,32.6,17.4,8.3,18.9,15.7,65752.0,28280.0,56607,24900,2.5180722891566263,7.827309236947792,7.811244979919679,9.779116465863453,4.132530120481928,2.602409638554217,9.112449799196787,0.052208835341365466,10.153514583002103,17,Vermont,8.675414087405317
51059,3.8,13.3,14.9,5.2,30.4,27.7,122732.0,67572.0,1083770,388452,23.875021881725413,0.3678704189964269,1.2670806174250615,4.933685500396446,10.346709503362064,12.092098895101582,0.5998167083706609,0.0432485866979704,16.327763270804688,1,New York,8.146209675952292
51121,7.2,23.7,17.3,7.2,20.6,20.5,64282.0,22168.0,94179,34739,12.162123262039785,2.731799994242782,3.3967586862028267,6.819424853910591,14.844986902328793,3.408273122427244,10.705547079651113,0.04317913584156136,7.879569755465655,2,Virginia,11.90171784972226
51540,7.6,20.7,14.3,3.3,21.2,26.9,62600.0,26093.0,43223,17319,9.359662798083033,9.33656677637277,5.0811247762572895,7.546625093827589,9.544430971765113,13.21669842369652,1.1605750909405854,0.057740054275651015,7.635402447770862,9,Virginia,11.90171784972226
51683,6.6,26.9,20.8,6.7,17.9,10.0,67759.0,51951.0,37943,12011,32.27874448422279,0.8408958454749812,2.522687536424944,5.378403130463742,12.946465739738573,4.704021313795686,2.5393389393056363,0.0,16.371662757293837,3,Virginia,11.90171784972226
51710,10.8,27.4,25.7,6.8,15.1,10.3,43758.0,27077.0,243056,85247,8.854270531514304,7.037197789951552,7.818456954496932,13.033889755651224,8.677138198411674,10.304174926976902,0.904430654451183,0.026980421598414017,10.13776660522678,9,Virginia,11.90171784972226
53001,8.4,26.6,19.5,9.0,7.7,4.5,40417.0,16675.0,18575,5722,1.695211464522894,3.198182453687522,2.1845508563439355,3.1108004194337644,3.268088081090528,4.037049982523594,25.987416987067462,0.017476406850751483,6.100672947510094,2,Washington,9.852405009463427
53003,8.5,35.1,28.1,9.6,10.1,6.2,49167.0,22030.0,21658,9046,3.3384921512270616,5.991598496573071,5.383594959097944,2.9626354189697097,0.6853858058810525,2.6862701746628344,13.221313287640946,2.3435772717223085,6.601025025394772,2,Washington,9.852405009463427
53005,5.9,24.2,26.3,9.8,17.8,10.8,64254.0,26834.0,175424,64660,3.0590782554902565,4.1710485617073925,2.8997834828332816,4.802041447571915,4.9195793380760895,7.038354469532941,12.148159604082894,0.2582740488710176,9.20016645384896,67,Washington,9.852405009463427
53007,7.3,28.8,22.0,8.6,15.7,8.4,50466.0,23521.0,72431,27048,3.1906240757172437,5.0022182786157945,5.5604850635906535,3.6342797988760718,2.6286601597160604,7.183525584146702,15.542738834664302,0.07024548950014789,7.519708412143973,35,Washington,9.852405009463427
53009,6.6,27.4,29.2,10.3,14.9,9.7,51824.0,27120.0,71411,30877,3.0184279560838165,1.9075687404864463,1.722965313987758,2.1537066424846976,1.9270006801178872,4.887132817307381,16.028111539333484,0.8485280305729183,7.5281119155312215,44,Washington,9.852405009463427
53011,6.2,25.7,29.0,10.3,17.0,9.0,64930.0,31453.0,426984,158365,5.775265999431692,3.332807122785969,4.1297003757143305,5.7140150917184975,4.005935654974269,6.6940296151296055,4.901966975026046,0.19133015502162729,10.142195023701124,6,Oregon,9.4107686162394
53015,9.5,30.1,30.9,10.3,10.0,5.5,50117.0,23661.0,102138,39683,1.632941057883729,4.0294332585742,4.024393317037522,3.9261144570722983,3.7824761232769704,5.334778116573848,12.181538694151149,0.5090340952044956,8.837063580645793,34,Washington,9.852405009463427
53017,8.4,28.5,24.4,10.7,11.8,5.6,48759.0,29604.0,38369,14056,2.85287421741605,3.3793397837222536,5.051223676721684,3.7990893568582815,1.3161639157655094,2.4758110415480936,22.53841775754126,0.4695503699487763,8.334332403763455,22,Washington,9.852405009463427
53021,10.3,25.3,21.7,7.9,10.0,4.8,45174.0,23795.0,78680,22847,1.7245152536438042,2.210355845406399,3.492799929968924,3.6766315052304464,3.7379086969842863,7.235085569221343,14.49205584978334,0.2757473628922835,8.074669547534318,8,Washington,9.852405009463427
53023,4.1,28.5,30.1,11.6,18.6,6.0,51528.0,24479.0,2246,1001,0.7992007992007992,0.6993006993006993,0.3996003996003996,3.5964035964035967,0.7992007992007992,0.0,20.67932067932068,0.999000999000999,6.921193232413179,2,Washington,9.852405009463427
53025,9.7,28.2,23.8,9.0,9.8,4.9,44439.0,21238.0,88885,30067,4.174011374596734,2.79376060132371,4.7161339674726435,4.203944523896632,3.332557288721855,2.584228556224432,31.08723850068181,0.2693983436990721,7.155144287562582,17,Washington,9.852405009463427
53027,9.2,31.3,29.5,10.0,9.8,4.5,47663.0,23713.0,72272,27905,1.956638595233829,3.390073463537002,3.8595233829062896,4.167711879591471,1.759541300842143,4.34330765095861,17.527324852177028,0.4945350295645941,8.522871928270979,18,Washington,9.852405009463427
53029,3.6,24.6,29.5,10.0,19.1,11.7,62443.0,31917.0,78707,33190,2.4314552576077126,1.4974389876468814,4.6489906598373,2.6333232901476347,2.124133775233504,2.7417896956914727,10.825549864416995,0.14160891834890027,11.396317989505382,46,Washington,9.852405009463427
53031,4.8,23.1,27.9,7.6,21.1,14.2,53096.0,21635.0,29802,14181,2.17897186376137,2.3764191523869966,2.193075241520344,2.524504618856216,1.4103377758973277,3.6527748395740782,17.713842465270428,3.2296735068048794,7.865411717334408,37,Washington,9.852405009463427
53033,4.4,17.0,20.8,8.1,28.8,17.2,93060.0,42143.0,1940777,796555,4.408735115591517,2.2311077075657053,4.737023808776544,7.099949156053254,7.960027870015253,18.767065676569732,2.183778897878992,0.11825925391215925,13.070780414236154,9,Oregon,9.4107686162394
53035,4.8,23.7,30.3,10.6,18.3,10.6,69674.0,30625.0,251400,97668,4.249088749641643,2.2750542654707786,3.3142892247204823,4.82245976164148,4.434410451734448,5.9845599377482905,8.884179055576034,0.1914649629356596,12.707299124900556,236,Washington,9.852405009463427
53037,6.0,29.0,23.8,6.4,21.3,10.4,56840.0,21629.0,40954,16499,2.0849748469604217,4.994242075277289,6.9883023213528075,4.279047214982726,4.6608885386993135,9.109643008667193,12.47348324140857,0.2606218558700527,9.169800263710503,10,Washington,9.852405009463427
53039,7.5,33.5,27.3,8.0,13.7,5.3,42622.0,19991.0,20421,8294,1.5673981191222568,3.761755485893417,2.3149264528574878,2.676633711116469,1.0730648661683144,0.3617072582589824,18.844948155292986,0.012056908608632745,7.245482591449977,16,Washington,9.852405009463427
53041,10.1,32.1,28.7,10.1,9.1,5.8,49933.0,21460.0,75399,29486,1.4040561622464902,1.7601573628162517,2.533405684053449,2.150172963440277,2.7572407244115853,3.8831988062131186,20.53516923285627,0.7766397612426236,9.55728855820369,15,Washington,9.852405009463427
53043,5.7,33.5,29.4,10.9,13.7,5.4,57821.0,21842.0,10536,4610,0.4121475054229935,1.3449023861171363,1.2798264642082429,1.4750542299349239,0.824295010845987,0.4338394793926248,15.835140997830804,1.1713665943600868,8.43299164768413,2,Washington,9.852405009463427
53045,7.8,30.8,30.1,9.1,12.2,6.1,55014.0,26486.0,60545,23274,2.118243533556759,2.3889318552891643,1.327661768497035,0.8550313654722008,0.6101228839047864,1.7014694508894046,25.52633840336857,0.9624473661596632,11.082913535386904,75,Washington,9.852405009463427
53047,9.1,32.4,23.5,9.4,10.6,7.0,45813.0,20670.0,40959,15740,2.433290978398984,1.7725540025412958,4.0787801778907244,3.0304955527318933,1.2452350698856416,2.020330368487929,25.298602287166453,0.590851334180432,6.7704289655509164,6,Washington,9.852405009463427
53051,8.0,33.5,28.3,10.9,11.8,5.3,40568.0,17369.0,12976,5434,2.042694147957306,0.31284504968715504,1.1961722488038278,2.2635259477364738,0.7913139492086859,2.2451232977548767,27.603974972396024,0.2944423997055576,9.752234895191123,9,Washington,9.852405009463427
53053,6.5,29.2,27.7,9.9,15.5,8.2,63968.0,32567.0,798528,299334,4.413464557985393,3.708900425611524,4.620591045454242,5.146090988661496,5.740410377705173,7.218358088289334,6.883614958541296,0.1864138387219628,12.482467740642784,3,Oregon,9.4107686162394
53055,3.9,17.7,26.8,5.3,25.5,19.3,50156.0,30000.0,15740,7963,2.348361170413161,2.5869647117920382,2.5116162250408136,3.3530076604294865,2.348361170413161,1.7330151952781616,12.708778098706516,1.130227301268366,6.2658831003811954,50,Washington,9.852405009463427
53057,7.1,25.1,28.3,11.2,15.0,8.6,57575.0,29167.0,117087,45474,3.2590051457975986,3.676826318335753,3.1446540880503147,3.1600474996701413,3.1644456172758058,5.825306768702995,11.026080837401592,0.2572898799313894,10.384671227377932,70,Washington,9.852405009463427
53059,7.5,31.4,29.2,7.4,14.9,7.6,70028.0,14848.0,11053,4378,0.5938784833257195,2.39835541343079,3.6546368204659663,1.735952489721334,0.2969392416628597,1.1420740063956143,23.50388305162175,0.7537688442211055,11.184746222744955,17,Washington,9.852405009463427
53061,6.1,24.7,27.1,10.5,20.3,8.5,76801.0,34961.0,714443,268546,4.5109590163323965,2.8062231424039084,3.6451855548025285,5.450835238655576,6.66552471457404,8.36057882076069,6.18851146544726,0.13740662679764362,13.544789437365893,6,Oregon,9.4107686162394
53063,5.2,25.3,27.5,11.3,18.3,10.4,58647.0,25867.0,470375,187397,3.8960068731089614,2.844762722989162,3.5854362663223,4.675635148908467,5.613750486934157,9.211460162115722,6.538525163156293,0.052295394269918936,8.936603773584906,3,Oregon,9.4107686162394
53065,6.6,31.7,28.6,11.6,12.7,6.1,51934.0,20745.0,43498,17634,0.9527050017012588,0.7428830668027674,1.1341726210729273,1.3269819666553249,1.0491096744924575,2.0982193489849155,26.65872745831915,0.24384711353067934,9.510092418042207,29,Washington,9.852405009463427
53067,5.1,23.2,27.7,10.1,19.4,12.5,69444.0,35302.0,252410,100766,4.077764325268444,2.6933687950300698,3.2798761487009505,4.322886687970149,3.7522577059722533,5.371851616616715,10.104598773395788,0.271917114899867,11.043540271780039,163,Washington,9.852405009463427
53069,4.9,34.5,31.8,10.3,10.9,5.7,49258.0,24085.0,4003,1699,1.353737492642731,0.17657445556209533,1.2948793407886992,0.4708652148322542,0.6474396703943496,0.8240141259564449,19.540906415538554,0.17657445556209533,12.676742443167624,15,Washington,9.852405009463427
53071,5.8,22.3,28.3,11.3,15.0,10.7,52593.0,26824.0,58643,21497,2.4189421779783227,3.763315811508582,6.693957296366936,4.502953900544262,3.4469926036191096,6.2334279201749085,8.540726613015769,0.19072428710982928,6.19775591289668,12,Washington,9.852405009463427
53073,5.5,22.8,25.3,11.0,21.3,10.6,63897.0,26541.0,201404,79244,2.7787592751501693,4.245116349502801,4.135328857705315,4.588360002019081,6.924183534400081,8.693402655090608,10.504265307152592,0.11483519256978447,9.287377609183533,106,Washington,9.852405009463427
53075,2.4,19.5,20.3,7.6,26.4,22.5,61864.0,18654.0,44997,16424,3.8054067218704337,5.370189965903556,7.763029712615684,12.4147588894301,15.142474427666832,7.982221139795421,8.54237700925475,0.06697515830491962,6.408093872924862,11,Washington,9.852405009463427
53077,11.9,26.6,21.6,7.0,9.6,6.3,41372.0,25546.0,242454,79478,2.486222602481189,5.1498527894511685,4.2766551750169866,3.802310073227812,2.26477767432497,3.772113037570145,12.777120712650044,0.15475980774553966,7.488430795119898,22,Washington,9.852405009463427
48113,11.3,23.1,20.3,5.5,18.3,9.8,44985.0,33314.0,2379214,849874,4.301696486773333,1.5688207899053273,4.32028747790849,10.844195727837302,10.8093670355841,15.37651463628726,1.7790872529339643,0.04765412284644548,11.580282395782811,2,Washington,9.852405009463427
48201,9.9,23.4,21.2,5.7,18.3,9.8,51591.0,32832.0,4101752,1412895,4.390913691392496,1.4679788660870057,3.4948810775039907,6.260054710364182,13.905491915535126,15.475813843208446,2.974672569440758,0.10397092494488266,12.337865624250322,2,New York,8.146209675952292
