"GEO_ID","NAME","B08013_001E","B08013_001M","B08013_002E","B08013_002M","B08013_003E","B08013_003M"
"id","Geographic Area Name","Estimate!!Aggregate travel time to work (in minutes):","Margin of Error!!Aggregate travel time to work (in minutes):","Estimate!!Aggregate travel time to work (in minutes):!!Male","Margin of Error!!Aggregate travel time to work (in minutes):!!Male","Estimate!!Aggregate travel time to work (in minutes):!!Female","Margin of Error!!Aggregate travel time to work (in minutes):!!Female"
"0500000US01003","Baldwin County, Alabama","2389605","171758","1427340","126210","962265","103365"
"0500000US01015","Calhoun County, Alabama","1012080","86202","591130","73254","420950","55599"
"0500000US01043","Cullman County, Alabama","981575","88475","603750","76780","377825","44980"
"0500000US01049","DeKalb County, Alabama","785815","86812","470985","54203","314830","58397"
"0500000US01051","Elmore County, Alabama","922215","97432","459180","56162","463035","66593"
"0500000US01055","Etowah County, Alabama","1069850","105248","612320","83541","457530","46319"
"0500000US01069","Houston County, Alabama","928530","49107","546490","38394","382040","25111"
"0500000US01073","Jefferson County, Alabama","7451000","334534","3847035","185093","3603965","225472"
"0500000US01077","Lauderdale County, Alabama","1035995","119277","685535","88513","350460","63309"
"0500000US01081","Lee County, Alabama","1864585","189186","1139615","142433","724970","105052"
"0500000US01083","Limestone County, Alabama","1047225","87659","598525","70368","448700","68134"
"0500000US01089","Madison County, Alabama","3755940","149191","2104930","124732","1651010","76941"
"0500000US01095","Marshall County, Alabama","943180","102361","602560","72450","340620","59480"
"0500000US01097","Mobile County, Alabama","4144740","182759","2281750","131153","1862990","122746"
"0500000US01101","Montgomery County, Alabama","2037490","116827","1002455","90808","1035040","91408"
"0500000US01103","Morgan County, Alabama","1178795","97473","646065","65709","532730","59363"
"0500000US01115","St. Clair County, Alabama","1301780","131962","709050","93665","592730","76833"
"0500000US01117","Shelby County, Alabama","3126815","147900","1700195","120652","1426620","119743"
"0500000US01121","Talladega County, Alabama","716535","80327","376315","58137","340220","55167"
"0500000US01125","Tuscaloosa County, Alabama","2020425","139671","1154115","96040","866315","86932"
"0500000US01127","Walker County, Alabama","667345","66923","381270","45064","286075","47573"
"0500000US02020","Anchorage Municipality, Alaska","2711745","211727","1546510","196216","1165235","78707"
"0500000US02090","Fairbanks North Star Borough, Alaska","1095800","148525","694490","129934","401310","84377"
"0500000US02170","Matanuska-Susitna Borough, Alaska","1588010","134724","1050925","123546","537085","55749"
"0500000US04001","Apache County, Arizona","529270","79073","261510","57701","267760","53717"
"0500000US04003","Cochise County, Arizona","888735","96545","544060","81294","344675","41981"
"0500000US04005","Coconino County, Arizona","1209895","125817","665885","88988","544010","72910"
"0500000US04013","Maricopa County, Arizona","54676705","662808","30760605","538576","23916100","441844"
"0500000US04015","Mohave County, Arizona","1545315","177352","969845","161540","575470","70440"
"0500000US04017","Navajo County, Arizona","700930","64494","373465","55539","327465","38284"
"0500000US04019","Pima County, Arizona","10785560","329154","5899535","194490","4886025","197590"
"0500000US04021","Pinal County, Arizona","5430365","291548","3232140","225448","2198225","179687"
"0500000US04025","Yavapai County, Arizona","1892025","156375","1048080","124440","843945","96681"
"0500000US04027","Yuma County, Arizona","1471085","122564","898600","88221","572480","73363"
"0500000US05007","Benton County, Arkansas","2569165","125437","1475520","94281","1093645","72281"
"0500000US05031","Craighead County, Arkansas","949995","114843","507280","78155","442720","85041"
"0500000US05045","Faulkner County, Arkansas","1468305","106437","881225","79971","587075","63517"
"0500000US05051","Garland County, Arkansas","947890","88754","489490","70992","458400","62124"
"0500000US05069","Jefferson County, Arkansas","518280","64529","264415","45132","253865","36833"
"0500000US05085","Lonoke County, Arkansas","933725","86305","486420","46345","447305","55475"
"0500000US05119","Pulaski County, Arkansas","3432195","150930","1729410","116536","1702785","103398"
"0500000US05125","Saline County, Arkansas","1446465","97953","804710","67321","641755","62852"
"0500000US05131","Sebastian County, Arkansas","1106045","103717","636220","90396","469825","64570"
"0500000US05143","Washington County, Arkansas","2236930","132364","1279130","103908","957800","80141"
"0500000US05145","White County, Arkansas","788270","139164","511905","109481","276365","48133"
"0500000US06001","Alameda County, California","27003615","519354","15406980","342947","11596635","302227"
"0500000US06007","Butte County, California","1854175","158510","1111495","143711","742685","68418"
"0500000US06013","Contra Costa County, California","20445765","583128","11962825","416288","8482940","395012"
"0500000US06017","El Dorado County, California","2330025","161269","1364210","123466","965815","105182"
"0500000US06019","Fresno County, California","9238085","293177","5318845","198393","3919240","225106"
"0500000US06023","Humboldt County, California","1093330","102063","612795","70766","480535","57164"
"0500000US06025","Imperial County, California","1389220","177910","904765","153750","484455","74021"
"0500000US06029","Kern County, California","8135780","356470","5015855","300327","3119925","188033"
"0500000US06031","Kings County, California","1319805","114063","833635","105392","486170","60035"
"0500000US06033","Lake County, California","499370","76688","273335","68257","226035","49832"
"0500000US06037","Los Angeles County, California","152081795","1169068","85473380","804047","66608415","738702"
"0500000US06039","Madera County, California","1776535","164490","1133865","134885","642670","80176"
"0500000US06041","Marin County, California","3691080","190724","2102910","149701","1588170","128809"
"0500000US06045","Mendocino County, California","735910","109280","455785","96149","280125","46518"
"0500000US06047","Merced County, California","3241615","212803","2211175","160737","1030440","123487"
"0500000US06053","Monterey County, California","4619345","199001","2781655","145911","1837690","111945"
"0500000US06055","Napa County, California","1709140","118994","975725","86213","733410","62335"
"0500000US06057","Nevada County, California","1046360","126853","621155","95177","425210","105732"
"0500000US06059","Orange County, California","41734025","669320","23881365","484898","17852655","378845"
"0500000US06061","Placer County, California","4880370","238596","2834200","175816","2046170","124759"
"0500000US06065","Riverside County, California","35445540","813052","21412940","670905","14032600","461542"
"0500000US06067","Sacramento County, California","19370710","462718","10426150","352675","8944560","284901"
"0500000US06071","San Bernardino County, California","28454320","661602","16785935","535248","11668385","365574"
"0500000US06073","San Diego County, California","42034850","621601","23908190","453751","18126660","434013"
"0500000US06075","San Francisco County, California","16896715","423732","9020340","271405","7876375","257763"
"0500000US06077","San Joaquin County, California","10965900","454997","6778260","359018","4187640","274842"
"0500000US06079","San Luis Obispo County, California","2486105","160694","1420025","127340","1066075","77587"
"0500000US06081","San Mateo County, California","11596520","300868","6293980","193186","5302540","211879"
"0500000US06083","Santa Barbara County, California","4243360","174333","2491965","133107","1751395","134587"
"0500000US06085","Santa Clara County, California","28461015","509613","16643555","361091","11817460","328650"
"0500000US06087","Santa Cruz County, California","3846045","195403","2331460","177783","1514590","118852"
"0500000US06089","Shasta County, California","1474315","120077","833620","91286","640695","63422"
"0500000US06095","Solano County, California","7107440","284109","4029895","204727","3077545","163478"
"0500000US06097","Sonoma County, California","6023385","215918","3441965","187178","2581420","132757"
"0500000US06099","Stanislaus County, California","7042980","434276","4426330","310704","2616650","236496"
"0500000US06101","Sutter County, California","1091790","88544","671430","81832","420360","51626"
"0500000US06103","Tehama County, California","658575","150058","384300","111594","274275","70060"
"0500000US06107","Tulare County, California","4016305","259614","2465340","219750","1550965","138494"
"0500000US06111","Ventura County, California","10723225","333596","6218095","256102","4505130","185257"
"0500000US06113","Yolo County, California","2256110","147406","1229520","103055","1026590","96140"
"0500000US06115","Yuba County, California","770915","73108","462395","65449","308520","52726"
"0500000US08001","Adams County, Colorado","7747225","231362","4302370","164860","3444855","152216"
"0500000US08005","Arapahoe County, Colorado","9442025","284251","5320310","216024","4121715","170148"
"0500000US08013","Boulder County, Colorado","3678080","155079","2044215","107879","1633865","109936"
"0500000US08014","Broomfield County, Colorado","1041995","65244","601320","50960","440680","41607"
"0500000US08031","Denver County, Colorado","10328890","321457","5651230","211019","4677660","205461"
"0500000US08035","Douglas County, Colorado","4684155","162795","2796755","130568","1887400","103351"
"0500000US08041","El Paso County, Colorado","8013455","236023","4854250","173336","3159200","155032"
"0500000US08059","Jefferson County, Colorado","8123375","269676","4417595","183622","3705780","153056"
"0500000US08069","Larimer County, Colorado","4021830","178290","2331475","128221","1690355","127965"
"0500000US08077","Mesa County, Colorado","1285345","111879","763850","99481","521495","58408"
"0500000US08101","Pueblo County, Colorado","1466525","89180","852550","73104","613975","57920"
"0500000US08123","Weld County, Colorado","4271725","247900","2671905","187430","1599820","106934"
"0500000US09001","Fairfield County, Connecticut","14219825","384461","8202075","302376","6017745","240174"
"0500000US09003","Hartford County, Connecticut","10116450","266593","5356040","186044","4760410","168459"
"0500000US09005","Litchfield County, Connecticut","2660045","161010","1554455","134924","1105590","90972"
"0500000US09007","Middlesex County, Connecticut","2119025","152489","1202745","97543","916280","86349"
"0500000US09009","New Haven County, Connecticut","10182345","297588","5362850","232326","4819495","196225"
"0500000US09011","New London County, Connecticut","3155635","152964","1764755","118259","1390880","87250"
"0500000US09013","Tolland County, Connecticut","1831430","100129","1005310","81544","826120","57689"
"0500000US09015","Windham County, Connecticut","1455645","113009","855040","95308","600605","62964"
"0500000US10001","Kent County, Delaware","2185540","175272","1235085","136011","950455","102869"
"0500000US10003","New Castle County, Delaware","7143045","289004","3688290","201723","3454755","171686"
"0500000US10005","Sussex County, Delaware","2436510","139416","1350055","122201","1086455","78091"
"0500000US11001","District of Columbia, District of Columbia","11318865","269930","5282455","200307","6036410","190063"
"0500000US12001","Alachua County, Florida","2569600","126390","1340255","102404","1229345","77062"
"0500000US12005","Bay County, Florida","2081210","176300","1097250","106826","983960","116143"
"0500000US12009","Brevard County, Florida","6295330","287069","3470565","185043","2824760","233491"
"0500000US12011","Broward County, Florida","27113055","643093","14263500","443919","12849555","380776"
"0500000US12015","Charlotte County, Florida","1461175","141368","841015","117518","620165","88637"
"0500000US12017","Citrus County, Florida","1110975","111882","626950","88515","484025","64110"
"0500000US12019","Clay County, Florida","3479195","257951","1941800","172353","1537395","187461"
"0500000US12021","Collier County, Florida","3709445","253025","2230820","219415","1478620","135415"
"0500000US12023","Columbia County, Florida","645190","96441","318800","69212","326395","49400"
"0500000US12031","Duval County, Florida","11223695","293232","5722550","218387","5501140","222646"
"0500000US12033","Escambia County, Florida","3045305","163944","1679700","119329","1365605","95114"
"0500000US12035","Flagler County, Florida","1216045","108622","668700","77602","547345","71654"
"0500000US12053","Hernando County, Florida","1965065","155349","1192465","118046","772600","80357"
"0500000US12055","Highlands County, Florida","815540","115686","511685","80515","303860","72675"
"0500000US12057","Hillsborough County, Florida","19289440","432432","10521745","277772","8767695","304741"
"0500000US12061","Indian River County, Florida","1354495","121939","660770","72491","693720","92887"
"0500000US12069","Lake County, Florida","4269120","226645","2437445","171692","1831675","147641"
"0500000US12071","Lee County, Florida","7986360","289922","4476635","191780","3509725","200647"
"0500000US12073","Leon County, Florida","2788435","136593","1354660","83465","1433775","101278"
"0500000US12081","Manatee County, Florida","4009505","196549","2087595","142342","1921915","128411"
"0500000US12083","Marion County, Florida","3206020","200955","1671095","150193","1534930","122956"
"0500000US12085","Martin County, Florida","1751000","175957","1070640","142309","680360","89476"
"0500000US12086","Miami-Dade County, Florida","41772180","686231","22667015","483905","19105160","444123"
"0500000US12087","Monroe County, Florida","746090","70194","425245","53565","320850","39905"
"0500000US12089","Nassau County, Florida","1074900","100494","640280","76406","434625","58722"
"0500000US12091","Okaloosa County, Florida","2481065","153206","1513260","105258","967805","121197"
"0500000US12095","Orange County, Florida","19842420","527065","10947710","383607","8894710","346099"
"0500000US12097","Osceola County, Florida","5968525","377920","3427070","289462","2541455","195230"
"0500000US12099","Palm Beach County, Florida","17271580","495034","9631420","346093","7640155","324771"
"0500000US12101","Pasco County, Florida","6748450","251332","3651635","188021","3096815","149735"
"0500000US12103","Pinellas County, Florida","10560285","381220","5529240","308284","5031045","197970"
"0500000US12105","Polk County, Florida","8985630","412699","4973260","246883","4012370","330940"
"0500000US12107","Putnam County, Florida","892425","100552","542740","74807","349690","53278"
"0500000US12109","St. Johns County, Florida","2828440","201322","1707055","147612","1121385","132531"
"0500000US12111","St. Lucie County, Florida","3977695","245793","2282670","200846","1695025","154363"
"0500000US12113","Santa Rosa County, Florida","2293935","211451","1348075","141044","945860","110821"
"0500000US12115","Sarasota County, Florida","3957940","194135","2098520","143068","1859420","147202"
"0500000US12117","Seminole County, Florida","6124250","242206","3406620","183662","2717630","133702"
"0500000US12119","Sumter County, Florida","542285","121705","298480","105051","243805","48799"
"0500000US12127","Volusia County, Florida","5788620","233981","3180165","168146","2608455","180458"
"0500000US12131","Walton County, Florida","722000","89491","454840","73760","267160","44560"
"0500000US13013","Barrow County, Georgia","1291380","105812","783705","76836","507675","70355"
"0500000US13015","Bartow County, Georgia","1354385","115430","826455","94297","527930","66863"
"0500000US13021","Bibb County, Georgia","1347050","101466","707170","70031","639880","76991"
"0500000US13031","Bulloch County, Georgia","853560","107596","484760","82889","368795","67387"
"0500000US13045","Carroll County, Georgia","1419385","115943","856490","97777","562895","72126"
"0500000US13047","Catoosa County, Georgia","718265","71048","343025","43120","375240","55348"
"0500000US13051","Chatham County, Georgia","2931890","162399","1483225","129172","1448665","124085"
"0500000US13057","Cherokee County, Georgia","4023225","249275","2380020","192074","1643205","128022"
"0500000US13059","Clarke County, Georgia","1125745","91727","629190","70917","496555","73236"
"0500000US13063","Clayton County, Georgia","4171385","207647","2162635","164989","2008750","168073"
"0500000US13067","Cobb County, Georgia","11109145","353622","5983605","219267","5125540","301798"
"0500000US13073","Columbia County, Georgia","2207740","221526","1136330","104766","1071410","194318"
"0500000US13077","Coweta County, Georgia","2117980","181697","1243590","139099","874390","115571"
"0500000US13089","DeKalb County, Georgia","11356800","370128","5361125","240660","5995670","273158"
"0500000US13095","Dougherty County, Georgia","637730","76453","297070","55587","340660","44323"
"0500000US13097","Douglas County, Georgia","2186070","165849","1088135","128243","1097930","105741"
"0500000US13113","Fayette County, Georgia","1535915","125965","909845","94012","626065","89959"
"0500000US13115","Floyd County, Georgia","1026930","117721","590395","97764","436535","65806"
"0500000US13117","Forsyth County, Georgia","3540975","167212","2138530","123226","1402440","99198"
"0500000US13121","Fulton County, Georgia","14923835","481693","7651395","364966","7272445","326022"
"0500000US13127","Glynn County, Georgia","780975","120811","402135","84848","378840","72674"
"0500000US13135","Gwinnett County, Georgia","14458675","419491","8049905","277563","6408775","299104"
"0500000US13139","Hall County, Georgia","2603460","180132","1620155","159411","983305","81029"
"0500000US13151","Henry County, Georgia","3567015","293216","1774950","200300","1792070","173137"
"0500000US13153","Houston County, Georgia","1854880","235836","1055705","195662","799170","102616"
"0500000US13157","Jackson County, Georgia","1068980","118658","583005","99580","485975","62558"
"0500000US13185","Lowndes County, Georgia","1088960","132669","561870","96315","527090","79216"
"0500000US13215","Muscogee County, Georgia","1590280","132215","873225","92833","717055","67467"
"0500000US13217","Newton County, Georgia","1848580","228312","844245","98499","1004335","199639"
"0500000US13223","Paulding County, Georgia","2920010","227477","1608625","178783","1311385","152270"
"0500000US13245","Richmond County, Georgia","1828890","154931","977715","136976","851175","80575"
"0500000US13247","Rockdale County, Georgia","1499245","154726","854210","98897","645035","111266"
"0500000US13255","Spalding County, Georgia","833630","91611","426830","67873","406800","56483"
"0500000US13285","Troup County, Georgia","675525","75752","353010","60308","322510","58310"
"0500000US13295","Walker County, Georgia","787895","101556","485800","85348","302095","55137"
"0500000US13297","Walton County, Georgia","1336580","119306","853090","89441","483495","64918"
"0500000US13313","Whitfield County, Georgia","961625","84998","565745","53797","395875","57363"
"0500000US15001","Hawaii County, Hawaii","2481100","202828","1351100","159128","1130000","107059"
"0500000US15003","Honolulu County, Hawaii","13975345","381890","7399655","232242","6575690","239333"
"0500000US15007","Kauai County, Hawaii","727505","57847","383270","36171","344235","42525"
"0500000US15009","Maui County, Hawaii","1632570","102835","870305","80170","762265","60576"
"0500000US16001","Ada County, Idaho","4772990","205705","2583755","168657","2189235","116478"
"0500000US16005","Bannock County, Idaho","815400","116867","425565","65391","389840","95380"
"0500000US16019","Bonneville County, Idaho","1048135","81213","667030","69146","381105","42993"
"0500000US16027","Canyon County, Idaho","2515625","157787","1375270","112612","1140350","100988"
"0500000US16055","Kootenai County, Idaho","1589015","113010","889655","81722","699360","70165"
"0500000US16083","Twin Falls County, Idaho","655855","75015","401230","63888","254620","39767"
"0500000US17001","Adams County, Illinois","540560","56651","270515","42891","270050","29986"
"0500000US17019","Champaign County, Illinois","1698860","132936","900025","91897","798835","79080"
"0500000US17031","Cook County, Illinois","81382460","757291","43367155","532070","38015305","582573"
"0500000US17037","DeKalb County, Illinois","1393505","105451","794690","88899","598815","64533"
"0500000US17043","DuPage County, Illinois","13524195","271320","7697505","214487","5826690","187167"
"0500000US17089","Kane County, Illinois","7500740","281856","4351795","210840","3148945","179200"
"0500000US17091","Kankakee County, Illinois","1226605","105786","732445","74721","494160","65917"
"0500000US17093","Kendall County, Illinois","2461940","327917","1442170","173207","1019775","244393"
"0500000US17097","Lake County, Illinois","9926870","238983","5741675","184963","4185200","132690"
"0500000US17099","LaSalle County, Illinois","1227165","84525","715625","54875","511540","65120"
"0500000US17111","McHenry County, Illinois","5109835","209496","3041245","151982","2068585","132601"
"0500000US17113","McLean County, Illinois","1402070","91165","755955","71833","646115","61534"
"0500000US17115","Macon County, Illinois","803470","83382","425015","67359","378455","42181"
"0500000US17119","Madison County, Illinois","3083205","147682","1662985","100981","1420220","95474"
"0500000US17143","Peoria County, Illinois","1409215","79919","737665","57512","671550","58778"
"0500000US17161","Rock Island County, Illinois","1405855","102484","805895","84410","599960","48268"
"0500000US17163","St. Clair County, Illinois","3156660","165549","1669455","111095","1487205","120553"
"0500000US17167","Sangamon County, Illinois","1592460","82535","865165","60484","727295","55156"
"0500000US17179","Tazewell County, Illinois","1281500","111592","695780","83626","585725","57063"
"0500000US17183","Vermilion County, Illinois","589355","49337","321745","42650","267605","28262"
"0500000US17197","Will County, Illinois","10966520","311226","6149265","203630","4817260","215497"
"0500000US17199","Williamson County, Illinois","636025","75142","373765","66679","262260","29478"
"0500000US17201","Winnebago County, Illinois","2900165","146423","1611835","105390","1288330","107056"
"0500000US18003","Allen County, Indiana","3961110","156433","2097160","123915","1863945","98364"
"0500000US18005","Bartholomew County, Indiana","814955","79224","475865","55806","339090","49972"
"0500000US18011","Boone County, Indiana","836270","111792","529545","101449","306725","44031"
"0500000US18019","Clark County, Indiana","1260295","100926","648985","70225","611310","57789"
"0500000US18035","Delaware County, Indiana","1123045","114761","649340","91462","473705","63728"
"0500000US18039","Elkhart County, Indiana","1836155","114176","1077005","80054","759150","75061"
"0500000US18043","Floyd County, Indiana","886680","77422","477485","57187","409195","43447"
"0500000US18053","Grant County, Indiana","562975","61354","344000","51045","218975","30264"
"0500000US18057","Hamilton County, Indiana","4219505","217481","2460320","148609","1759185","128618"
"0500000US18059","Hancock County, Indiana","1006895","94214","544380","79640","462515","51603"
"0500000US18063","Hendricks County, Indiana","2190945","146178","1261785","116170","929160","88291"
"0500000US18067","Howard County, Indiana","697360","80805","314035","41678","383325","70883"
"0500000US18081","Johnson County, Indiana","2210660","134352","1247860","106084","962800","86485"
"0500000US18085","Kosciusko County, Indiana","712445","62880","423360","46847","289085","32348"
"0500000US18089","Lake County, Indiana","6368825","237192","3715340","205366","2653485","127084"
"0500000US18091","LaPorte County, Indiana","1227290","130033","632070","75132","595225","98582"
"0500000US18095","Madison County, Indiana","1508845","122230","857410","83492","651435","67365"
"0500000US18097","Marion County, Indiana","10839050","343724","5848905","286523","4990150","175510"
"0500000US18105","Monroe County, Indiana","1360145","105910","765400","76393","594745","65466"
"0500000US18109","Morgan County, Indiana","930065","68094","567560","47083","362505","49783"
"0500000US18127","Porter County, Indiana","2296370","166090","1430850","134687","865520","80761"
"0500000US18141","St. Joseph County, Indiana","2667940","162803","1524665","134791","1143275","78106"
"0500000US18157","Tippecanoe County, Indiana","1586320","98322","819720","61918","766600","72827"
"0500000US18163","Vanderburgh County, Indiana","1578275","85010","836910","71777","741365","54895"
"0500000US18167","Vigo County, Indiana","1019605","110068","580485","80415","439120","61419"
"0500000US18177","Wayne County, Indiana","579585","59210","336095","42293","243490","36300"
"0500000US19013","Black Hawk County, Iowa","1024470","70754","540695","51210","483775","46722"
"0500000US19049","Dallas County, Iowa","933420","73158","511040","56781","422380","46676"
"0500000US19061","Dubuque County, Iowa","891845","62281","496140","55480","395705","38235"
"0500000US19103","Johnson County, Iowa","1484720","105218","767250","67531","717475","72445"
"0500000US19113","Linn County, Iowa","2165140","123489","1160130","74618","1005010","79302"
"0500000US19153","Polk County, Iowa","4771930","168379","2586485","115056","2185445","106179"
"0500000US19155","Pottawattamie County, Iowa","917575","68192","468635","44162","448940","48437"
"0500000US19163","Scott County, Iowa","1498715","87581","857830","73705","640885","48487"
"0500000US19169","Story County, Iowa","872670","66643","478150","44736","394515","52249"
"0500000US19193","Woodbury County, Iowa","925385","79982","511400","65185","413980","45403"
"0500000US20015","Butler County, Kansas","748325","83770","467930","71514","280390","40991"
"0500000US20045","Douglas County, Kansas","1299620","104796","734345","79097","565275","68595"
"0500000US20091","Johnson County, Kansas","6432440","178190","3587200","126072","2845240","114137"
"0500000US20103","Leavenworth County, Kansas","851675","76889","491550","51400","360125","47706"
"0500000US20161","Riley County, Kansas","570265","66981","318010","47145","252250","46451"
"0500000US20173","Sedgwick County, Kansas","4852345","213035","2652795","171200","2199550","116662"
"0500000US20177","Shawnee County, Kansas","1582420","92539","851490","62673","730930","52239"
"0500000US20209","Wyandotte County, Kansas","1547900","74908","867020","54998","680885","44569"
"0500000US21015","Boone County, Kentucky","1612420","93069","899385","79073","713035","65561"
"0500000US21029","Bullitt County, Kentucky","1231555","140618","620260","58163","611295","96429"
"0500000US21037","Campbell County, Kentucky","1074540","79557","583345","59887","491195","52075"
"0500000US21047","Christian County, Kentucky","419260","42000","240955","23807","178300","33360"
"0500000US21059","Daviess County, Kentucky","965845","87593","607015","81148","358835","40357"
"0500000US21067","Fayette County, Kentucky","3250050","131325","1740640","96662","1509410","80948"
"0500000US21093","Hardin County, Kentucky","1089370","89256","634535","85032","454835","51157"
"0500000US21111","Jefferson County, Kentucky","8035295","236990","4210935","157481","3824360","157272"
"0500000US21117","Kenton County, Kentucky","2020300","113473","1083850","73455","936450","82445"
"0500000US21145","McCracken County, Kentucky","460070","51535","242150","42862","217920","32953"
"0500000US21151","Madison County, Kentucky","1034455","108759","585330","88586","449125","67433"
"0500000US21185","Oldham County, Kentucky","715035","73102","391495","54254","323545","43167"
"0500000US21227","Warren County, Kentucky","1391270","128032","838525","99779","552740","61370"
"0500000US22005","Ascension Parish, Louisiana","1649920","148949","877105","96008","772820","91195"
"0500000US22015","Bossier Parish, Louisiana","1420030","203439","910900","193636","509130","55133"
"0500000US22017","Caddo Parish, Louisiana","2019335","193289","1127875","154609","891460","91613"
"0500000US22019","Calcasieu Parish, Louisiana","1967730","198500","1188710","145290","779025","115858"
"0500000US22033","East Baton Rouge Parish, Louisiana","4875360","211070","2570725","158359","2304635","143324"
"0500000US22045","Iberia Parish, Louisiana","723230","109789","450595","105005","272635","51059"
"0500000US22051","Jefferson Parish, Louisiana","5232420","229279","2860415","173766","2372005","146122"
"0500000US22055","Lafayette Parish, Louisiana","2621875","158768","1399190","127896","1222690","100534"
"0500000US22057","Lafourche Parish, Louisiana","1095230","97631","701255","81570","393975","56990"
"0500000US22063","Livingston Parish, Louisiana","2104695","211407","1269450","147595","835245","114289"
"0500000US22071","Orleans Parish, Louisiana","4032680","159630","1996925","122565","2035755","113287"
"0500000US22073","Ouachita Parish, Louisiana","1222530","94969","593875","62816","628655","70101"
"0500000US22079","Rapides Parish, Louisiana","1542960","195522","975800","182999","567160","60502"
"0500000US22097","St. Landry Parish, Louisiana","1090320","149294","751785","128252","338535","78047"
"0500000US22103","St. Tammany Parish, Louisiana","3440710","226541","1990525","173466","1450185","135401"
"0500000US22105","Tangipahoa Parish, Louisiana","1753170","192924","1006520","132112","746655","113863"
"0500000US22109","Terrebonne Parish, Louisiana","1193685","167352","785470","155642","408215","80710"
"0500000US23001","Androscoggin County, Maine","1222600","85739","697990","72133","524610","48506"
"0500000US23003","Aroostook County, Maine","518800","50586","316960","37630","201835","24570"
"0500000US23005","Cumberland County, Maine","3694160","170663","2040060","119151","1654105","97979"
"0500000US23011","Kennebec County, Maine","1300770","93591","761395","70523","539375","54679"
"0500000US23019","Penobscot County, Maine","1574075","101929","883890","76578","690180","55172"
"0500000US23031","York County, Maine","2783245","164634","1569700","115185","1213545","113353"
"0500000US24001","Allegany County, Maryland","601285","82740","325655","64733","275630","42872"
"0500000US24003","Anne Arundel County, Maryland","9222775","318699","5142865","225957","4079910","187922"
"0500000US24005","Baltimore County, Maryland","12086090","345342","6414405","239894","5671680","206422"
"0500000US24009","Calvert County, Maryland","2042535","172647","1210680","117117","831855","121406"
"0500000US24013","Carroll County, Maryland","3043645","150776","1758830","113147","1284815","84696"
"0500000US24015","Cecil County, Maryland","1501785","140462","832485","111094","669300","83404"
"0500000US24017","Charles County, Maryland","3802335","188070","1928220","133501","1874115","133915"
"0500000US24021","Frederick County, Maryland","4577415","200804","2681765","155659","1895650","119317"
"0500000US24025","Harford County, Maryland","4096845","150093","2340715","115219","1756130","100328"
"0500000US24027","Howard County, Maryland","4705950","202063","2415635","121220","2290315","142211"
"0500000US24031","Montgomery County, Maryland","18246405","347406","9790095","247524","8456310","269494"
"0500000US24033","Prince George's County, Maryland","17335525","391772","8643195","257970","8692330","254167"
"0500000US24037","St. Mary's County, Maryland","1675000","125998","1079990","98375","595010","72493"
"0500000US24043","Washington County, Maryland","2064300","164429","1335375","154294","728925","59561"
"0500000US24045","Wicomico County, Maryland","1040485","93861","560885","74476","479600","52344"
"0500000US24510","Baltimore city, Maryland","8240960","282484","4115010","236476","4125945","189119"
"0500000US25001","Barnstable County, Massachusetts","2641940","152940","1430480","142212","1211460","100435"
"0500000US25003","Berkshire County, Massachusetts","1118000","65945","616715","51953","501285","45606"
"0500000US25005","Bristol County, Massachusetts","8207015","311998","4625475","249461","3581545","167370"
"0500000US25009","Essex County, Massachusetts","12106115","402769","6706210","263103","5399910","250981"
"0500000US25011","Franklin County, Massachusetts","828680","68695","418575","52839","410110","46707"
"0500000US25013","Hampden County, Massachusetts","5032555","222296","2681980","155720","2350575","131383"
"0500000US25015","Hampshire County, Massachusetts","1881700","124228","1040375","115336","841325","68834"
"0500000US25017","Middlesex County, Massachusetts","26848840","520041","14434990","351786","12413850","334348"
"0500000US25021","Norfolk County, Massachusetts","12684105","331302","6717270","226981","5966835","209221"
"0500000US25023","Plymouth County, Massachusetts","9100775","394930","4766060","223189","4334715","272114"
"0500000US25025","Suffolk County, Massachusetts","14045520","346936","7061240","220348","6984275","237315"
"0500000US25027","Worcester County, Massachusetts","12062715","353987","6727135","248261","5335580","214340"
"0500000US26005","Allegan County, Michigan","1211660","90090","690870","58982","520790","47944"
"0500000US26017","Bay County, Michigan","1122680","77738","614540","48413","508140","55067"
"0500000US26021","Berrien County, Michigan","1415925","146184","727510","58178","688415","128470"
"0500000US26025","Calhoun County, Michigan","1239180","87063","644570","62888","594610","49333"
"0500000US26037","Clinton County, Michigan","989400","80806","557820","73862","431580","41422"
"0500000US26045","Eaton County, Michigan","1175270","76450","658360","56786","516910","42570"
"0500000US26049","Genesee County, Michigan","4198155","196915","2373820","147204","1824335","119846"
"0500000US26055","Grand Traverse County, Michigan","1038300","87135","576810","71566","461485","51233"
"0500000US26065","Ingham County, Michigan","3005925","148439","1500995","97160","1504930","111154"
"0500000US26073","Isabella County, Michigan","644040","80196","356780","51623","287255","55129"
"0500000US26075","Jackson County, Michigan","1575010","98616","830125","74504","744890","74196"
"0500000US26077","Kalamazoo County, Michigan","2503315","116264","1387490","87171","1115825","70385"
"0500000US26081","Kent County, Michigan","6927320","218095","3879910","157910","3047410","129994"
"0500000US26087","Lapeer County, Michigan","1328315","93789","850155","84282","478160","56413"
"0500000US26091","Lenawee County, Michigan","1159440","102772","652195","69789","507245","62249"
"0500000US26093","Livingston County, Michigan","3064830","118810","1803535","103318","1261295","84901"
"0500000US26099","Macomb County, Michigan","11824955","293327","6535615","183925","5289340","213486"
"0500000US26103","Marquette County, Michigan","582675","80800","299175","51851","283505","47257"
"0500000US26111","Midland County, Michigan","866355","59889","523450","48271","342900","36961"
"0500000US26115","Monroe County, Michigan","1736115","109605","1046235","76062","689880","65674"
"0500000US26121","Muskegon County, Michigan","1710450","136846","929805","83209","780645","77139"
"0500000US26125","Oakland County, Michigan","16705190","309730","9433260","221758","7271935","185964"
"0500000US26139","Ottawa County, Michigan","2984400","134046","1746665","107956","1237735","85792"
"0500000US26145","Saginaw County, Michigan","1740980","97838","894575","62483","846405","76915"
"0500000US26147","St. Clair County, Michigan","1988290","101844","1200120","85626","788170","64837"
"0500000US26155","Shiawassee County, Michigan","805985","71642","440835","54409","365155","38584"
"0500000US26159","Van Buren County, Michigan","768775","57725","450485","45384","318290","35915"
"0500000US26161","Washtenaw County, Michigan","4355815","140018","2363650","118423","1992165","88623"
"0500000US26163","Wayne County, Michigan","18757675","357972","9978000","255018","8779675","227639"
"0500000US27003","Anoka County, Minnesota","5188310","166938","2923915","113256","2264395","94144"
"0500000US27013","Blue Earth County, Minnesota","617495","47277","353460","35300","264035","26279"
"0500000US27019","Carver County, Minnesota","1319935","64568","706870","43025","613065","53810"
"0500000US27035","Crow Wing County, Minnesota","641990","54120","354415","39130","287575","37766"
"0500000US27037","Dakota County, Minnesota","5500975","157965","2948790","122022","2552185","94447"
"0500000US27053","Hennepin County, Minnesota","15733735","361995","8398935","255527","7334800","202156"
"0500000US27109","Olmsted County, Minnesota","1447090","80273","770930","68039","676160","43841"
"0500000US27123","Ramsey County, Minnesota","6585170","194408","3464755","148510","3120415","122568"
"0500000US27131","Rice County, Minnesota","712205","68899","425050","59920","287155","33968"
"0500000US27137","St. Louis County, Minnesota","1912155","93623","1060160","65299","851995","59485"
"0500000US27139","Scott County, Minnesota","2069310","101372","1118985","73648","950325","64617"
"0500000US27141","Sherburne County, Minnesota","1644795","113321","994640","99218","650155","56049"
"0500000US27145","Stearns County, Minnesota","1783670","118703","1026930","84801","756740","76580"
"0500000US27163","Washington County, Minnesota","3372355","127134","1772000","85016","1600355","84203"
"0500000US27171","Wright County, Minnesota","2253675","161204","1321840","142922","931835","71745"
"0500000US28033","DeSoto County, Mississippi","2349275","151015","1294900","126395","1054375","82283"
"0500000US28035","Forrest County, Mississippi","620185","73866","304275","47476","315910","55792"
"0500000US28047","Harrison County, Mississippi","2002560","161861","1102955","128496","899605","76506"
"0500000US28049","Hinds County, Mississippi","2358015","135486","1203790","105178","1154220","93233"
"0500000US28059","Jackson County, Mississippi","1566790","149009","881800","97758","684990","76371"
"0500000US28067","Jones County, Mississippi","630300","94438","359050","63575","271245","70660"
"0500000US28075","Lauderdale County, Mississippi","623125","88501","289850","43096","333275","78173"
"0500000US28081","Lee County, Mississippi","804690","69813","390335","43305","414355","59619"
"0500000US28089","Madison County, Mississippi","1204385","93829","571325","68030","633060","67769"
"0500000US28121","Rankin County, Mississippi","1784685","132702","942310","99142","842370","76857"
"0500000US29019","Boone County, Missouri","1709620","120210","935110","81798","774510","67435"
"0500000US29021","Buchanan County, Missouri","621585","63554","364745","44131","256835","37021"
"0500000US29031","Cape Girardeau County, Missouri","784080","101545","454880","88288","329195","35739"
"0500000US29037","Cass County, Missouri","1475660","116723","794620","66672","681045","80878"
"0500000US29043","Christian County, Missouri","1039470","100158","527755","52373","511720","72360"
"0500000US29047","Clay County, Missouri","2970005","148819","1594110","100182","1375890","98281"
"0500000US29051","Cole County, Missouri","658680","82852","334775","59801","323905","52552"
"0500000US29071","Franklin County, Missouri","1261525","99410","744985","79355","516540","57185"
"0500000US29077","Greene County, Missouri","2758075","175941","1501295","114199","1256775","110232"
"0500000US29095","Jackson County, Missouri","8013530","233924","4350395","154786","3663130","165072"
"0500000US29097","Jasper County, Missouri","910925","77171","460035","43005","450890","59286"
"0500000US29099","Jefferson County, Missouri","3296475","166712","1787745","124240","1508725","87981"
"0500000US29165","Platte County, Missouri","1239885","91284","699590","66567","540295","53879"
"0500000US29183","St. Charles County, Missouri","5288130","177318","2946855","135690","2341275","129742"
"0500000US29187","St. Francois County, Missouri","700105","102166","440270","93232","259835","56745"
"0500000US29189","St. Louis County, Missouri","11394230","281445","5943555","194028","5450670","196675"
"0500000US29510","St. Louis city, Missouri","3546260","160247","1772045","109549","1774215","122757"
"0500000US30013","Cascade County, Montana","612420","45328","323510","32981","288910","29047"
"0500000US30029","Flathead County, Montana","879400","75830","437825","48213","441570","51979"
"0500000US30031","Gallatin County, Montana","1173500","103464","755200","88439","418295","43713"
"0500000US30049","Lewis and Clark County, Montana","568385","85523","327310","80441","241075","28583"
"0500000US30063","Missoula County, Montana","1246595","146397","696435","140296","550160","48302"
"0500000US30111","Yellowstone County, Montana","1548420","133471","912120","116774","636300","53865"
"0500000US31055","Douglas County, Nebraska","5748010","158287","3083635","110065","2664375","108447"
"0500000US31109","Lancaster County, Nebraska","3160870","154000","1776810","124871","1384065","68686"
"0500000US31153","Sarpy County, Nebraska","2027725","80733","1063825","61582","963900","61740"
"0500000US32003","Clark County, Nevada","26587160","516339","14805955","379174","11781205","321096"
"0500000US32031","Washoe County, Nevada","5206380","185791","3005570","147189","2200810","110258"
"0500000US33005","Cheshire County, New Hampshire","851605","91326","454010","65820","397595","59561"
"0500000US33009","Grafton County, New Hampshire","1001440","86195","500240","55700","501200","65032"
"0500000US33011","Hillsborough County, New Hampshire","5952930","194363","3342650","164660","2610280","127948"
"0500000US33013","Merrimack County, New Hampshire","2095240","150631","1163515","109284","931725","85504"
"0500000US33015","Rockingham County, New Hampshire","4891205","279033","2749390","160781","2141815","180417"
"0500000US33017","Strafford County, New Hampshire","1724510","127346","1035505","108225","689005","69967"
"0500000US34001","Atlantic County, New Jersey","3184040","211423","1773700","149198","1410340","119367"
"0500000US34003","Bergen County, New Jersey","15599260","399628","8811705","279426","6787555","267781"
"0500000US34005","Burlington County, New Jersey","6575240","207226","3598965","148453","2976275","138737"
"0500000US34007","Camden County, New Jersey","7036810","235721","3826440","193728","3210370","155096"
"0500000US34009","Cape May County, New Jersey","986080","122282","521455","74137","464625","69508"
"0500000US34011","Cumberland County, New Jersey","1444405","120475","815925","91796","628480","83825"
"0500000US34013","Essex County, New Jersey","13042440","374858","6945770","276009","6096670","238099"
"0500000US34015","Gloucester County, New Jersey","4394205","166413","2385900","126005","2008305","122651"
"0500000US34017","Hudson County, New Jersey","12781230","326537","7052860","207616","5728370","206935"
"0500000US34019","Hunterdon County, New Jersey","2234530","169406","1236900","104529","997630","127206"
"0500000US34021","Mercer County, New Jersey","4805930","268881","2687105","186910","2118825","172942"
"0500000US34023","Middlesex County, New Jersey","13707060","373687","8234315","277774","5472750","223860"
"0500000US34025","Monmouth County, New Jersey","10973130","366820","6480405","282552","4492725","213976"
"0500000US34027","Morris County, New Jersey","7739175","250342","4346520","179799","3392655","150972"
"0500000US34029","Ocean County, New Jersey","8301460","323226","4794545","227759","3506915","224423"
"0500000US34031","Passaic County, New Jersey","6999955","244256","3866015","158418","3133935","149828"
"0500000US34033","Salem County, New Jersey","792470","71491","453375","51969","339095","39436"
"0500000US34035","Somerset County, New Jersey","5290355","194336","3047060","153869","2243295","125805"
"0500000US34037","Sussex County, New Jersey","2658430","140165","1520000","108168","1138430","90984"
"0500000US34039","Union County, New Jersey","8665190","240010","4859580","173706","3805610","170422"
"0500000US34041","Warren County, New Jersey","1858365","145420","1094885","125152","763480","70656"
"0500000US35001","Bernalillo County, New Mexico","7246625","215565","4015760","166961","3230865","140689"
"0500000US35005","Chaves County, New Mexico","471865","61749","293345","53529","178520","31533"
"0500000US35013","Do√±a Ana County, New Mexico","1740930","125914","996755","90291","744175","89265"
"0500000US35025","Lea County, New Mexico","724270","117731","571835","115358","152435","25591"
"0500000US35031","McKinley County, New Mexico","442450","54994","237475","36741","204980","31212"
"0500000US35035","Otero County, New Mexico","551660","93931","350885","91842","200775","59483"
"0500000US35043","Sandoval County, New Mexico","1822550","114072","916565","62981","905985","83328"
"0500000US35045","San Juan County, New Mexico","1022935","89794","506345","48450","516590","67512"
"0500000US35049","Santa Fe County, New Mexico","1462990","91405","774650","60128","688335","73324"
"0500000US35061","Valencia County, New Mexico","784570","82471","373300","62041","411265","72178"
"0500000US36001","Albany County, New York","3245665","137382","1742170","103820","1503490","89836"
"0500000US36005","Bronx County, New York","25963280","596969","12939330","414876","13023945","446399"
"0500000US36007","Broome County, New York","1496600","110457","788295","90977","708305","59883"
"0500000US36009","Cattaraugus County, New York","789305","69271","449545","46616","339755","41957"
"0500000US36011","Cayuga County, New York","838060","64097","495880","57687","342180","37556"
"0500000US36013","Chautauqua County, New York","1015580","64395","537160","39765","478420","42909"
"0500000US36015","Chemung County, New York","720920","76710","379045","72275","341875","47643"
"0500000US36019","Clinton County, New York","643890","66533","373935","49643","269950","38869"
"0500000US36027","Dutchess County, New York","4560980","235962","2503780","187005","2057200","168799"
"0500000US36029","Erie County, New York","9356400","265841","4976950","174467","4379450","172560"
"0500000US36045","Jefferson County, New York","947030","79036","563645","57659","383385","49211"
"0500000US36047","Kings County, New York","50560015","700101","25065900","403730","25494120","537544"
"0500000US36051","Livingston County, New York","753795","75865","444650","61309","309150","41570"
"0500000US36053","Madison County, New York","788610","72085","446575","54997","342030","35992"
"0500000US36055","Monroe County, New York","7007855","162895","3619435","117552","3388420","110504"
"0500000US36059","Nassau County, New York","24128120","496727","13777230","291038","10350895","366962"
"0500000US36061","New York County, New York","26647145","527763","13014140","382476","13633005","345021"
"0500000US36063","Niagara County, New York","2166175","108557","1112535","59410","1053635","88762"
"0500000US36065","Oneida County, New York","1957950","128125","1087620","85172","870335","71570"
"0500000US36067","Onondaga County, New York","4438170","169007","2289085","101110","2149085","114662"
"0500000US36069","Ontario County, New York","1210715","77963","648325","42842","562390","53311"
"0500000US36071","Orange County, New York","5909100","269985","3491435","201006","2417665","152875"
"0500000US36075","Oswego County, New York","1298365","75490","764190","67386","534175","53614"
"0500000US36079","Putnam County, New York","2027635","150087","1142595","95937","885040","98050"
"0500000US36081","Queens County, New York","47270595","741619","24961545","468020","22309050","487325"
"0500000US36083","Rensselaer County, New York","1944510","112116","1061810","86180","882695","69413"
"0500000US36085","Richmond County, New York","9998285","344537","5524765","226087","4473520","234812"
"0500000US36087","Rockland County, New York","4172690","171551","2386700","157354","1785985","118705"
"0500000US36089","St. Lawrence County, New York","844790","78978","456885","63973","387905","39588"
"0500000US36091","Saratoga County, New York","2890120","142939","1563560","108900","1326555","109114"
"0500000US36093","Schenectady County, New York","1566425","102112","800120","77375","766305","62415"
"0500000US36101","Steuben County, New York","860845","57835","440565","40627","420280","44193"
"0500000US36103","Suffolk County, New York","24577000","525575","14479150","350395","10097850","327592"
"0500000US36105","Sullivan County, New York","887000","102812","524875","94575","362125","59124"
"0500000US36109","Tompkins County, New York","957135","92721","477200","64405","479935","65374"
"0500000US36111","Ulster County, New York","2348225","189060","1298580","130874","1049645","116030"
"0500000US36113","Warren County, New York","727275","77777","404190","50366","323085","48716"
"0500000US36117","Wayne County, New York","1078005","90773","584665","66034","493340","47355"
"0500000US36119","Westchester County, New York","16159005","332625","8775730","293140","7383280","227817"
"0500000US37001","Alamance County, North Carolina","1980460","163560","1098425","127288","882035","80077"
"0500000US37019","Brunswick County, North Carolina","1333280","88016","680920","58011","652360","77247"
"0500000US37021","Buncombe County, North Carolina","2440560","144498","1270195","94263","1170370","92949"
"0500000US37023","Burke County, North Carolina","915715","121810","526260","79600","389455","76433"
"0500000US37025","Cabarrus County, North Carolina","3048745","172371","1669905","136491","1378840","105455"
"0500000US37027","Caldwell County, North Carolina","1013580","122465","522235","80786","491345","91821"
"0500000US37031","Carteret County, North Carolina","687065","57084","399250","44242","287815","34351"
"0500000US37035","Catawba County, North Carolina","1720880","172428","938275","91225","782605","140128"
"0500000US37037","Chatham County, North Carolina","937440","84967","495095","78957","442345","76400"
"0500000US37045","Cleveland County, North Carolina","1077905","138875","528480","61482","549425","116346"
"0500000US37049","Craven County, North Carolina","857105","65155","493185","45713","363920","46971"
"0500000US37051","Cumberland County, North Carolina","3351815","164614","1850495","147133","1501320","93346"
"0500000US37057","Davidson County, North Carolina","1827245","131967","1055635","89795","771605","75964"
"0500000US37063","Durham County, North Carolina","3485300","180435","1786740","126998","1698560","126197"
"0500000US37067","Forsyth County, North Carolina","3968370","193349","2193325","140279","1775045","113958"
"0500000US37069","Franklin County, North Carolina","1062500","124115","622490","109576","440010","58271"
"0500000US37071","Gaston County, North Carolina","2561570","116811","1352750","83891","1208820","85942"
"0500000US37081","Guilford County, North Carolina","5529360","277338","2945805","218403","2583555","130759"
"0500000US37085","Harnett County, North Carolina","1679020","96388","1020005","88201","659015","58587"
"0500000US37089","Henderson County, North Carolina","1210620","110630","651580","62868","559040","74404"
"0500000US37097","Iredell County, North Carolina","2138930","125344","1288200","97529","850730","61142"
"0500000US37101","Johnston County, North Carolina","3018010","259143","1651695","168950","1366315","166524"
"0500000US37109","Lincoln County, North Carolina","1279285","107917","708540","80617","570740","73054"
"0500000US37119","Mecklenburg County, North Carolina","14265605","431815","7406560","291385","6859045","259617"
"0500000US37125","Moore County, North Carolina","1068740","135021","652405","108194","416335","57769"
"0500000US37127","Nash County, North Carolina","992875","130583","492760","80577","500110","87354"
"0500000US37129","New Hanover County, North Carolina","2179795","162302","1067450","103960","1112340","107694"
"0500000US37133","Onslow County, North Carolina","1996335","161193","1239520","125306","756815","95371"
"0500000US37135","Orange County, North Carolina","1527680","112995","795505","71623","732175","64921"
"0500000US37147","Pitt County, North Carolina","1758170","156186","907145","120142","851025","99695"
"0500000US37151","Randolph County, North Carolina","1335875","101184","757910","72501","577965","66015"
"0500000US37155","Robeson County, North Carolina","1124670","91230","666220","70463","458455","49537"
"0500000US37157","Rockingham County, North Carolina","1000140","90398","507805","55144","492335","58963"
"0500000US37159","Rowan County, North Carolina","1675900","158178","1026825","135157","649075","71620"
"0500000US37161","Rutherford County, North Carolina","698780","84197","368390","54140","330390","68906"
"0500000US37171","Surry County, North Carolina","957325","164471","570315","144395","387010","66734"
"0500000US37179","Union County, North Carolina","3370180","209960","1960635","163176","1409545","113322"
"0500000US37183","Wake County, North Carolina","13496195","288578","7222590","237119","6273605","199884"
"0500000US37191","Wayne County, North Carolina","1159060","110059","678715","94218","480345","59681"
"0500000US37193","Wilkes County, North Carolina","788550","114939","418140","71379","370410","75206"
"0500000US37195","Wilson County, North Carolina","815100","103405","444560","82280","370540","53564"
"0500000US38015","Burleigh County, North Dakota","812625","69198","470130","57306","342495","32412"
"0500000US38017","Cass County, North Dakota","1950905","175418","1125810","162649","825095","62809"
"0500000US38035","Grand Forks County, North Dakota","613530","59313","341495","49969","272040","44568"
"0500000US38101","Ward County, North Dakota","658875","69814","419320","58308","239550","27764"
"0500000US39003","Allen County, Ohio","894950","60813","515685","49899","379265","31646"
"0500000US39007","Ashtabula County, Ohio","921600","76228","548980","72205","372620","39074"
"0500000US39009","Athens County, Ohio","623630","88785","345845","65377","277785","56629"
"0500000US39013","Belmont County, Ohio","756265","79924","454510","65667","301755","43007"
"0500000US39017","Butler County, Ohio","4578090","180263","2439915","131178","2138175","127533"
"0500000US39023","Clark County, Ohio","1245970","78737","710145","55587","535825","48663"
"0500000US39025","Clermont County, Ohio","2738510","120328","1476005","82883","1262500","73697"
"0500000US39029","Columbiana County, Ohio","1095240","73975","645875","59437","449365","45499"
"0500000US39035","Cuyahoga County, Ohio","13614535","265328","6969755","179049","6644780","191867"
"0500000US39041","Delaware County, Ohio","2614270","153964","1478015","109486","1136255","84594"
"0500000US39043","Erie County, Ohio","843515","118420","516615","100529","326900","51575"
"0500000US39045","Fairfield County, Ohio","2123240","133542","1206970","125294","916275","77379"
"0500000US39049","Franklin County, Ohio","15348210","313760","8031125","217665","7317085","230350"
"0500000US39055","Geauga County, Ohio","1228260","90162","761985","71080","466275","42079"
"0500000US39057","Greene County, Ohio","1573055","87479","882565","70512","690490","54821"
"0500000US39061","Hamilton County, Ohio","9469870","267199","4981155","190767","4488715","168005"
"0500000US39063","Hancock County, Ohio","699540","65715","435670","51587","263870","29383"
"0500000US39081","Jefferson County, Ohio","599440","56200","362825","45464","236615","29038"
"0500000US39085","Lake County, Ohio","2633590","138497","1452425","99638","1181165","70880"
"0500000US39089","Licking County, Ohio","2247125","125286","1223740","83418","1023385","94101"
"0500000US39093","Lorain County, Ohio","3476680","174695","1925890","130468","1550790","102182"
"0500000US39095","Lucas County, Ohio","3996160","170024","2163805","136881","1832355","105807"
"0500000US39099","Mahoning County, Ohio","2364670","163778","1297515","119755","1067155","106602"
"0500000US39101","Marion County, Ohio","593645","54205","307800","38272","285840","41085"
"0500000US39103","Medina County, Ohio","2442005","137975","1451925","114418","990075","72605"
"0500000US39109","Miami County, Ohio","1061065","98689","627305","72036","433760","60227"
"0500000US39113","Montgomery County, Ohio","5282410","175481","2744440","138244","2537970","131774"
"0500000US39119","Muskingum County, Ohio","912235","97346","528160","84869","384075","45206"
"0500000US39133","Portage County, Ohio","2050785","127604","1177040","107483","873750","64531"
"0500000US39139","Richland County, Ohio","1136240","74283","689640","62593","446600","43032"
"0500000US39141","Ross County, Ohio","781885","114495","447895","87940","333990","63840"
"0500000US39145","Scioto County, Ohio","734995","122718","438205","98019","296795","50873"
"0500000US39151","Stark County, Ohio","3704545","144997","2040395","93671","1664145","109610"
"0500000US39153","Summit County, Ohio","5944125","210562","3198735","136845","2745390","128564"
"0500000US39155","Trumbull County, Ohio","1994865","122056","1137980","83004","856885","69502"
"0500000US39157","Tuscarawas County, Ohio","1023125","80301","619400","58474","403730","65232"
"0500000US39165","Warren County, Ohio","2894460","181144","1541055","108848","1353405","128610"
"0500000US39169","Wayne County, Ohio","1124425","86257","645865","56846","478560","51200"
"0500000US39173","Wood County, Ohio","1351855","72825","770905","72398","580950","45716"
"0500000US40017","Canadian County, Oklahoma","1800265","127296","958825","71112","841440","96167"
"0500000US40027","Cleveland County, Oklahoma","3340350","159892","1879200","122704","1461145","110094"
"0500000US40031","Comanche County, Oklahoma","935735","108969","481345","68492","454390","70951"
"0500000US40037","Creek County, Oklahoma","760120","48430","455115","34052","305005","30579"
"0500000US40101","Muskogee County, Oklahoma","554890","62121","310290","56898","244600","29933"
"0500000US40109","Oklahoma County, Oklahoma","7915975","236203","4469225","175420","3446750","115316"
"0500000US40119","Payne County, Oklahoma","644430","64566","392800","53550","251630","34720"
"0500000US40125","Pottawatomie County, Oklahoma","755695","76075","433935","50229","321760","64532"
"0500000US40131","Rogers County, Oklahoma","1174645","66473","657980","45454","516665","43662"
"0500000US40143","Tulsa County, Oklahoma","6036065","138997","3287635","100613","2748425","91460"
"0500000US40145","Wagoner County, Oklahoma","944305","54220","544515","41087","399790","30801"
"0500000US41003","Benton County, Oregon","946575","80847","506455","54825","440120","63398"
"0500000US41005","Clackamas County, Oregon","5382135","224334","3088525","156900","2293610","136404"
"0500000US41017","Deschutes County, Oregon","1805180","141876","1015335","134021","789840","104122"
"0500000US41019","Douglas County, Oregon","813465","79729","471830","64173","341640","47030"
"0500000US41029","Jackson County, Oregon","1599495","100322","891480","83675","708015","67346"
"0500000US41033","Josephine County, Oregon","542880","60745","328325","52910","214550","35028"
"0500000US41035","Klamath County, Oregon","439385","53258","258320","42273","181065","26544"
"0500000US41039","Lane County, Oregon","3573725","183835","2025330","154518","1548395","96279"
"0500000US41043","Linn County, Oregon","1411275","117403","826735","96360","584540","71265"
"0500000US41047","Marion County, Oregon","3685135","219417","2192180","166952","1492955","113831"
"0500000US41051","Multnomah County, Oregon","10840555","283095","5760060","206688","5080495","177440"
"0500000US41053","Polk County, Oregon","1102215","121695","645145","90765","457070","63999"
"0500000US41059","Umatilla County, Oregon","579525","63965","375650","48332","203875","41774"
"0500000US41067","Washington County, Oregon","7150805","230113","3925620","175894","3225185","152621"
"0500000US41071","Yamhill County, Oregon","1189300","119547","693310","88442","495990","71808"
"0500000US42001","Adams County, Pennsylvania","1357360","105949","750830","69579","606530","65274"
"0500000US42003","Allegheny County, Pennsylvania","16275025","360817","8737645","224127","7537380","255271"
"0500000US42005","Armstrong County, Pennsylvania","905845","76093","559170","53004","346675","38384"
"0500000US42007","Beaver County, Pennsylvania","2050840","111375","1152465","80312","898370","64990"
"0500000US42011","Berks County, Pennsylvania","4930130","192680","2788620","151253","2141510","124163"
"0500000US42013","Blair County, Pennsylvania","1150250","87597","669505","70804","480745","54069"
"0500000US42017","Bucks County, Pennsylvania","9787550","258114","5532610","182543","4254940","185529"
"0500000US42019","Butler County, Pennsylvania","2286760","113966","1390005","91849","896755","75126"
"0500000US42021","Cambria County, Pennsylvania","1272670","74484","736115","55207","536560","44438"
"0500000US42025","Carbon County, Pennsylvania","932320","87991","592920","72040","339405","44502"
"0500000US42027","Centre County, Pennsylvania","1487995","112602","830790","98585","657205","52359"
"0500000US42029","Chester County, Pennsylvania","7372195","221147","4190190","172089","3182005","142339"
"0500000US42033","Clearfield County, Pennsylvania","900050","67156","549445","53123","350605","35078"
"0500000US42037","Columbia County, Pennsylvania","711695","75082","399790","65593","311910","34263"
"0500000US42039","Crawford County, Pennsylvania","781790","65666","432490","37266","349305","53440"
"0500000US42041","Cumberland County, Pennsylvania","2698865","155815","1506245","120953","1192620","84666"
"0500000US42043","Dauphin County, Pennsylvania","2945545","145663","1636335","111532","1309210","79907"
"0500000US42045","Delaware County, Pennsylvania","7838655","239916","3949750","142000","3888905","183018"
"0500000US42049","Erie County, Pennsylvania","2357490","96068","1299945","81982","1057545","60320"
"0500000US42051","Fayette County, Pennsylvania","1383955","100099","837145","83610","546810","53414"
"0500000US42055","Franklin County, Pennsylvania","1756045","175376","1006190","131036","749855","75144"
"0500000US42063","Indiana County, Pennsylvania","964175","103459","571895","73826","392280","56136"
"0500000US42069","Lackawanna County, Pennsylvania","1982780","146991","1074935","102867","907845","102201"
"0500000US42071","Lancaster County, Pennsylvania","6252005","227449","3583765","173351","2668240","142212"
"0500000US42073","Lawrence County, Pennsylvania","994700","69359","544240","41443","450460","56197"
"0500000US42075","Lebanon County, Pennsylvania","1661770","127262","960275","77533","701495","84345"
"0500000US42077","Lehigh County, Pennsylvania","4485345","277553","2621620","248009","1863720","122696"
"0500000US42079","Luzerne County, Pennsylvania","3558950","198448","2011540","130949","1547410","120831"
"0500000US42081","Lycoming County, Pennsylvania","1065400","81604","645070","70756","420330","36239"
"0500000US42085","Mercer County, Pennsylvania","1074495","78905","643120","66062","431375","41780"
"0500000US42089","Monroe County, Pennsylvania","3085955","228194","1934290","229709","1151665","153420"
"0500000US42091","Montgomery County, Pennsylvania","11792785","264628","6507730","189054","5285055","169086"
"0500000US42095","Northampton County, Pennsylvania","4038285","203583","2219885","131480","1818400","139161"
"0500000US42097","Northumberland County, Pennsylvania","969045","88270","560685","74051","408360","48896"
"0500000US42101","Philadelphia County, Pennsylvania","23133700","722069","11456945","414583","11676755","492519"
"0500000US42107","Schuylkill County, Pennsylvania","1678040","110620","1015615","97655","662425","56962"
"0500000US42111","Somerset County, Pennsylvania","752050","65681","417600","42108","334450","41059"
"0500000US42125","Washington County, Pennsylvania","2398610","98101","1395985","73474","1002625","68420"
"0500000US42129","Westmoreland County, Pennsylvania","4452690","179074","2591685","165876","1861005","93660"
"0500000US42133","York County, Pennsylvania","6039450","210839","3494105","149931","2545345","121172"
"0500000US44003","Kent County, Rhode Island","2184635","125111","1219025","86020","965610","72652"
"0500000US44005","Newport County, Rhode Island","910715","90176","520545","60246","390170","47025"
"0500000US44007","Providence County, Rhode Island","7837845","274354","4395190","195921","3442650","181256"
"0500000US44009","Washington County, Rhode Island","1646735","122648","940035","88481","706695","78620"
"0500000US45003","Aiken County, South Carolina","1682555","113110","1035640","100756","646910","63563"
"0500000US45007","Anderson County, South Carolina","2301375","138596","1228530","98050","1072845","95047"
"0500000US45013","Beaufort County, South Carolina","1719480","150034","906805","89702","812675","88880"
"0500000US45015","Berkeley County, South Carolina","3054940","182346","1625260","137749","1429675","100140"
"0500000US45019","Charleston County, South Carolina","4889090","250426","2507820","144727","2381270","158845"
"0500000US45031","Darlington County, South Carolina","631585","92162","332370","56679","299215","55390"
"0500000US45035","Dorchester County, South Carolina","2437310","162687","1362075","116239","1075235","94295"
"0500000US45041","Florence County, South Carolina","1451665","173140","776355","89418","675310","153796"
"0500000US45045","Greenville County, South Carolina","5848195","216356","3208645","144119","2639550","153638"
"0500000US45047","Greenwood County, South Carolina","604030","68887","321905","53231","282125","41540"
"0500000US45051","Horry County, South Carolina","3291915","176883","1793810","137501","1498105","82999"
"0500000US45055","Kershaw County, South Carolina","879920","96231","536070","76014","343850","50736"
"0500000US45057","Lancaster County, South Carolina","1194945","142130","687430","94580","507515","100386"
"0500000US45059","Laurens County, South Carolina","689660","78112","393640","49137","296020","52591"
"0500000US45063","Lexington County, South Carolina","3528040","137744","1858225","96315","1669815","97417"
"0500000US45073","Oconee County, South Carolina","971190","128181","495965","69178","475225","101111"
"0500000US45075","Orangeburg County, South Carolina","913030","100629","443500","59421","469530","83534"
"0500000US45077","Pickens County, South Carolina","1673600","155153","1034745","154855","638855","80309"
"0500000US45079","Richland County, South Carolina","4523915","259066","2361255","216101","2162660","149448"
"0500000US45083","Spartanburg County, South Carolina","3311575","173627","1748080","114435","1563495","118608"
"0500000US45085","Sumter County, South Carolina","1020460","103556","613110","97358","407350","52444"
"0500000US45091","York County, South Carolina","3735230","144494","2060480","105556","1674750","112585"
"0500000US46099","Minnehaha County, South Dakota","1908215","130438","1066230","94907","841985","61141"
"0500000US46103","Pennington County, South Dakota","1000470","90437","531320","74281","469150","45591"
"0500000US47001","Anderson County, Tennessee","778035","89678","435520","58793","342515","55374"
"0500000US47009","Blount County, Tennessee","1448875","106747","790450","73792","658425","73165"
"0500000US47011","Bradley County, Tennessee","1055115","95269","624885","92206","430235","52277"
"0500000US47037","Davidson County, Tennessee","8872760","279922","4766480","217469","4106285","156140"
"0500000US47059","Greene County, Tennessee","690840","67250","388790","49766","302050","47815"
"0500000US47065","Hamilton County, Tennessee","3721935","164457","2043820","125081","1678120","110730"
"0500000US47093","Knox County, Tennessee","4896055","158784","2700640","113616","2195410","104002"
"0500000US47113","Madison County, Tennessee","787935","88422","438545","81018","349390","33371"
"0500000US47119","Maury County, Tennessee","1380285","92531","716755","67498","663530","66573"
"0500000US47125","Montgomery County, Tennessee","2535780","155776","1357710","118004","1178070","120357"
"0500000US47141","Putnam County, Tennessee","745095","80655","454460","67584","290635","44894"
"0500000US47147","Robertson County, Tennessee","1094820","125298","604710","94055","490110","68778"
"0500000US47149","Rutherford County, Tennessee","4858480","260628","2666180","177944","2192305","196308"
"0500000US47155","Sevier County, Tennessee","1090455","114299","534910","66947","555545","87629"
"0500000US47157","Shelby County, Tennessee","9716580","348265","4964320","220828","4752260","238122"
"0500000US47163","Sullivan County, Tennessee","1415640","89507","711230","66078","704410","65940"
"0500000US47165","Sumner County, Tennessee","2744255","158839","1540675","121118","1203580","106710"
"0500000US47179","Washington County, Tennessee","1197380","75663","655745","52654","541635","59643"
"0500000US47187","Williamson County, Tennessee","3018560","154001","1713925","106605","1304640","118406"
"0500000US47189","Wilson County, Tennessee","2222320","163936","1327775","121976","894540","97509"
"0500000US48005","Angelina County, Texas","998995","116296","633540","99285","365460","55979"
"0500000US48021","Bastrop County, Texas","1254220","144471","699145","89192","555075","102207"
"0500000US48027","Bell County, Texas","3463070","222152","1995645","162636","1467425","121848"
"0500000US48029","Bexar County, Texas","24117675","605996","13598475","459938","10519200","301030"
"0500000US48037","Bowie County, Texas","710415","103762","364380","55115","346035","92313"
"0500000US48039","Brazoria County, Texas","5548825","263502","3151195","194247","2397630","192343"
"0500000US48041","Brazos County, Texas","1936290","131708","1101375","110034","834915","65406"
"0500000US48061","Cameron County, Texas","3008160","169563","1757685","142281","1250475","88518"
"0500000US48085","Collin County, Texas","13979580","401252","8186865","300884","5792715","227913"
"0500000US48091","Comal County, Texas","2370275","194913","1374195","137233","996080","124582"
"0500000US48099","Coryell County, Texas","663960","85475","383535","59905","280425","50548"
"0500000US48113","Dallas County, Texas","34700515","734908","19769485","479859","14931030","464333"
"0500000US48121","Denton County, Texas","12836430","400372","7162365","309217","5674060","259744"
"0500000US48135","Ector County, Texas","1817430","178783","1258885","163670","558540","73686"
"0500000US48139","Ellis County, Texas","2821270","170710","1660795","124181","1160470","128389"
"0500000US48141","El Paso County, Texas","8536765","430173","5053735","393312","3483035","171379"
"0500000US48157","Fort Bend County, Texas","12993190","410983","7522030","312554","5471165","326280"
"0500000US48167","Galveston County, Texas","4210455","192567","2445345","165147","1765110","130428"
"0500000US48181","Grayson County, Texas","1586060","202060","940830","148088","645230","90794"
"0500000US48183","Gregg County, Texas","1146215","162230","576345","74637","569870","147553"
"0500000US48187","Guadalupe County, Texas","2235245","124161","1177655","81248","1057590","85380"
"0500000US48201","Harris County, Texas","64224345","921723","37835595","671212","26388745","626552"
"0500000US48203","Harrison County, Texas","639370","69726","412030","52962","227345","46292"
"0500000US48209","Hays County, Texas","3401610","180222","1947910","141190","1453700","144605"
"0500000US48213","Henderson County, Texas","1084070","138117","663745","119367","420325","62655"
"0500000US48215","Hidalgo County, Texas","7667535","423105","4955305","398994","2712230","171227"
"0500000US48231","Hunt County, Texas","1204145","140386","736590","103086","467555","70789"
"0500000US48245","Jefferson County, Texas","2184800","145375","1336020","118957","848780","73286"
"0500000US48251","Johnson County, Texas","2480315","121474","1523355","98051","956960","83287"
"0500000US48257","Kaufman County, Texas","2380090","210851","1402350","166039","977740","117405"
"0500000US48291","Liberty County, Texas","1135570","105371","850400","100921","285170","56573"
"0500000US48303","Lubbock County, Texas","2424715","122140","1385870","94519","1038845","72596"
"0500000US48309","McLennan County, Texas","2081625","120465","1144685","98853","936935","64078"
"0500000US48329","Midland County, Texas","1781150","146605","1210720","121073","570430","65635"
"0500000US48339","Montgomery County, Texas","8336770","347123","5149365","241529","3187405","202196"
"0500000US48347","Nacogdoches County, Texas","532595","66041","305225","49451","227370","44691"
"0500000US48355","Nueces County, Texas","3289200","171592","1982455","147246","1306740","91706"
"0500000US48361","Orange County, Texas","1038110","101459","619575","74099","418535","59804"
"0500000US48367","Parker County, Texas","2005090","167384","1180640","147431","824445","89074"
"0500000US48375","Potter County, Texas","944005","77356","560490","62840","383515","50989"
"0500000US48381","Randall County, Texas","1483595","109020","932305","100659","551295","41988"
"0500000US48397","Rockwall County, Texas","1770215","120555","1000525","93883","769695","74521"
"0500000US48409","San Patricio County, Texas","611555","51330","369840","43284","241710","36080"
"0500000US48423","Smith County, Texas","2548520","204883","1426805","154742","1121720","129934"
"0500000US48439","Tarrant County, Texas","26645960","585692","15582635","349610","11063325","354058"
"0500000US48441","Taylor County, Texas","1009585","78998","563880","65905","445705","41819"
"0500000US48451","Tom Green County, Texas","1127855","137189","737735","128813","390120","58197"
"0500000US48453","Travis County, Texas","16866910","366546","9420470","299355","7446440","250391"
"0500000US48469","Victoria County, Texas","839820","77236","489540","52639","350280","53305"
"0500000US48471","Walker County, Texas","839400","159715","447885","71911","391515","143958"
"0500000US48479","Webb County, Texas","2437605","228379","1471390","186301","966215","104081"
"0500000US48485","Wichita County, Texas","992670","93245","589180","74609","403490","63005"
"0500000US48491","Williamson County, Texas","7806790","307183","4286015","237659","3520775","202594"
"0500000US48497","Wise County, Texas","1030450","119770","641055","82150","389395","58040"
"0500000US49005","Cache County, Utah","1016455","73273","668850","64037","347605","39758"
"0500000US49011","Davis County, Utah","3813815","134367","2278555","107296","1535260","92165"
"0500000US49035","Salt Lake County, Utah","13089155","345153","7489285","258606","5599870","183933"
"0500000US49045","Tooele County, Utah","967490","121789","618310","85777","349175","64795"
"0500000US49049","Utah County, Utah","6220500","187103","3859285","121108","2361210","118714"
"0500000US49053","Washington County, Utah","1289325","133612","716305","108430","573020","74034"
"0500000US49057","Weber County, Utah","2978105","140253","1809370","113230","1168735","71206"
"0500000US50007","Chittenden County, Vermont","1941720","119325","1045670","80610","896050","67753"
"0500000US51003","Albemarle County, Virginia","1127240","119562","634610","76134","492630","65529"
"0500000US51013","Arlington County, Virginia","4160940","127918","2190300","105561","1970640","82801"
"0500000US51015","Augusta County, Virginia","787335","74210","400230","52802","387100","41700"
"0500000US51019","Bedford County, Virginia","905670","65103","507095","52194","398575","44894"
"0500000US51041","Chesterfield County, Virginia","4614310","149124","2549310","120198","2065000","92126"
"0500000US51059","Fairfax County, Virginia","18809640","405445","10438645","262088","8370995","268190"
"0500000US51061","Fauquier County, Virginia","1399170","118036","807795","79889","591375","77236"
"0500000US51069","Frederick County, Virginia","1390725","120721","791195","91253","599530","82444"
"0500000US51085","Hanover County, Virginia","1537785","117610","854880","94926","682905","63942"
"0500000US51087","Henrico County, Virginia","3684845","205415","1951445","137771","1733400","149212"
"0500000US51095","James City County, Virginia","843765","79301","453665","58340","390100","56534"
"0500000US51107","Loudoun County, Virginia","7151815","292427","4355920","219348","2795895","144081"
"0500000US51121","Montgomery County, Virginia","717170","60030","385280","44466","331890","35224"
"0500000US51153","Prince William County, Virginia","9458235","302200","5444225","217641","4014015","234069"
"0500000US51161","Roanoke County, Virginia","965125","86814","532380","57518","432740","47920"
"0500000US51165","Rockingham County, Virginia","843275","65990","483280","54003","359995","31286"
"0500000US51177","Spotsylvania County, Virginia","2512185","163861","1641735","135353","870445","89867"
"0500000US51179","Stafford County, Virginia","2972315","165743","1852380","122502","1119930","97223"
"0500000US51199","York County, Virginia","749200","63511","404890","44071","344310","41938"
"0500000US51510","Alexandria city, Virginia","3168295","168003","1614035","91242","1554260","113640"
"0500000US51550","Chesapeake city, Virginia","2820695","161206","1471615","102441","1349080","120352"
"0500000US51650","Hampton city, Virginia","1403605","83993","702105","61628","701500","62986"
"0500000US51680","Lynchburg city, Virginia","638855","79158","325835","63683","313020","44290"
"0500000US51700","Newport News city, Virginia","1908535","110509","1064700","82599","843835","78216"
"0500000US51710","Norfolk city, Virginia","2816350","167123","1642855","121202","1173495","102034"
"0500000US51740","Portsmouth city, Virginia","861770","89521","432230","62924","429540","56776"
"0500000US51760","Richmond city, Virginia","2624135","154011","1285620","103802","1338515","114222"
"0500000US51770","Roanoke city, Virginia","1113865","103499","534700","78116","579165","68896"
"0500000US51800","Suffolk city, Virginia","1260385","78167","675570","48419","584815","58030"
"0500000US51810","Virginia Beach city, Virginia","5671475","253801","3273730","229658","2397745","107570"
"0500000US53005","Benton County, Washington","1921205","122595","1201905","99519","719300","66600"
"0500000US53007","Chelan County, Washington","693635","83629","372285","56111","321350","42916"
"0500000US53009","Clallam County, Washington","565710","94173","365110","67747","200600","43968"
"0500000US53011","Clark County, Washington","5870270","227104","3519360","190475","2350910","128003"
"0500000US53015","Cowlitz County, Washington","1136335","121863","655125","98438","481210","87880"
"0500000US53021","Franklin County, Washington","847185","111300","564000","103265","283185","35714"
"0500000US53025","Grant County, Washington","691570","75539","429240","59257","262330","45645"
"0500000US53027","Grays Harbor County, Washington","802465","120620","445755","72595","356710","71080"
"0500000US53029","Island County, Washington","1061880","103337","584495","76144","477385","91643"
"0500000US53033","King County, Washington","34756455","609595","19632555","387355","15123900","385277"
"0500000US53035","Kitsap County, Washington","3995970","219842","2440015","152795","1555955","138571"
"0500000US53041","Lewis County, Washington","1050420","153749","712025","138289","338395","50871"
"0500000US53045","Mason County, Washington","928900","118617","541560","86609","387335","80560"
"0500000US53053","Pierce County, Washington","14118555","391940","8268590","309281","5849965","250558"
"0500000US53057","Skagit County, Washington","1400450","104891","832545","71551","567905","62281"
"0500000US53061","Snohomish County, Washington","13159545","380886","7832185","277886","5327365","234361"
"0500000US53063","Spokane County, Washington","5031010","191169","2823345","140023","2207665","124492"
"0500000US53067","Thurston County, Washington","3602810","223935","2131460","185406","1471350","113346"
"0500000US53073","Whatcom County, Washington","2259475","187618","1292295","135645","967180","129338"
"0500000US53077","Yakima County, Washington","2079180","146264","1257925","111548","821255","72461"
"0500000US54003","Berkeley County, West Virginia","1802200","182524","1143895","144548","658305","92261"
"0500000US54011","Cabell County, West Virginia","788475","112331","357250","46666","431225","97753"
"0500000US54033","Harrison County, West Virginia","645205","53838","353955","45284","291245","35037"
"0500000US54039","Kanawha County, West Virginia","1623570","123147","861955","95211","761610","67513"
"0500000US54061","Monongalia County, West Virginia","1169730","102207","672015","92950","497715","43518"
"0500000US54081","Raleigh County, West Virginia","595340","94129","362985","60706","232355","53654"
"0500000US54107","Wood County, West Virginia","629185","65658","356065","48308","273120","41622"
"0500000US55009","Brown County, Wisconsin","2531475","127658","1374665","99231","1156815","63419"
"0500000US55025","Dane County, Wisconsin","6422110","196539","3450710","159962","2971400","112280"
"0500000US55027","Dodge County, Wisconsin","1028895","56371","584925","45115","443975","31892"
"0500000US55035","Eau Claire County, Wisconsin","866505","60593","498320","44602","368185","31413"
"0500000US55039","Fond du Lac County, Wisconsin","1112165","91342","625560","66449","486610","52421"
"0500000US55055","Jefferson County, Wisconsin","1081170","104697","624825","65922","456350","66757"
"0500000US55059","Kenosha County, Wisconsin","2279955","146456","1276585","108333","1003365","95393"
"0500000US55063","La Crosse County, Wisconsin","1144240","94293","623875","67544","520365","63697"
"0500000US55071","Manitowoc County, Wisconsin","749665","54261","425455","42881","324215","29393"
"0500000US55073","Marathon County, Wisconsin","1296795","67124","703130","46565","593665","45844"
"0500000US55079","Milwaukee County, Wisconsin","9807460","257979","5085240","184761","4722220","184340"
"0500000US55087","Outagamie County, Wisconsin","2016875","115065","1099740","76289","917130","63077"
"0500000US55089","Ozaukee County, Wisconsin","1080510","67036","596100","50814","484410","40141"
"0500000US55097","Portage County, Wisconsin","670155","48485","378780","37996","291375","26761"
"0500000US55101","Racine County, Wisconsin","2189835","126990","1240720","110847","949120","75051"
"0500000US55105","Rock County, Wisconsin","1731490","105138","983220","72553","748270","59670"
"0500000US55109","St. Croix County, Wisconsin","1279085","58692","695945","42886","583140","44096"
"0500000US55117","Sheboygan County, Wisconsin","1017095","67064","577480","51613","439615","35627"
"0500000US55127","Walworth County, Wisconsin","1228545","83689","717625","59922","510920","48295"
"0500000US55131","Washington County, Wisconsin","1822625","112985","981105","71347","841520","80108"
"0500000US55133","Waukesha County, Wisconsin","4895675","161637","2710040","116399","2185635","88070"
"0500000US55139","Winnebago County, Wisconsin","1579130","104066","886725","74642","692405","61803"
"0500000US55141","Wood County, Wisconsin","648690","50001","345885","36772","302810","35011"
"0500000US56021","Laramie County, Wyoming","837615","82080","513505","68272","324110","35564"
"0500000US56025","Natrona County, Wyoming","705680","69067","430235","58927","275445","39274"
"0500000US72013","Arecibo Municipio, Puerto Rico","587365","62123","341985","45284","245380","35093"
"0500000US72021","Bayam√≥n Municipio, Puerto Rico","2082105","142419","1120865","95636","961240","87835"
"0500000US72025","Caguas Municipio, Puerto Rico","1637985","160928","856240","100796","781740","101355"
"0500000US72031","Carolina Municipio, Puerto Rico","1598760","128762","733950","84383","864810","81198"
"0500000US72061","Guaynabo Municipio, Puerto Rico","879530","67782","459145","51057","420385","39145"
"0500000US72097","Mayag√ºez Municipio, Puerto Rico","474100","79114","253275","51858","220825","53269"
"0500000US72113","Ponce Municipio, Puerto Rico","824720","85225","473630","65940","351090","44642"
"0500000US72127","San Juan Municipio, Puerto Rico","3025710","146893","1610780","110075","1414930","90146"
"0500000US72135","Toa Alta Municipio, Puerto Rico","1185955","140888","589815","81411","596140","122840"
"0500000US72137","Toa Baja Municipio, Puerto Rico","818200","80281","433895","42875","384300","57584"
"0500000US72139","Trujillo Alto Municipio, Puerto Rico","916605","105637","485515","68267","431090","68092"
